text,label,predicted_label,predicted_probability,prob_negative,prob_neutral,prob_positive
android marshmallow <number> . <number> . <number> won't let me log on the by existing account just keeps saying setting up bbm please fix,negative,negative,0.7164965271949768,0.7164965,0.26406938,0.019434072
map animation stopped working,negative,negative,0.6505010724067688,0.6505011,0.2765793,0.07291974
"good, but slow workflow.",positive,neutral,0.6412864923477173,0.011086038,0.6412865,0.34762752
nice app to use with friends,neutral,positive,0.8795655369758606,0.008553373,0.11188107,0.87956554
"i love this app, but i wish they had more outfit selections for maternity. other than that it's pretty awesome.",positive,positive,0.9045373797416687,0.015113106,0.08034952,0.9045374
radar in motion won't work.,negative,negative,0.9704341888427734,0.9704342,0.022980863,0.0065848674
only opened <number> st <number> th pages of <url>,negative,negative,0.7379125952720642,0.7379126,0.21937315,0.042714313
when i was being rained on it said no rain in your <url> it is still a good weather app.,neutral,positive,0.5537917613983154,0.034747493,0.41146082,0.55379176
everthing is tought before its use,neutral,negative,0.4947609305381775,0.49476093,0.43031785,0.07492124
good content. worth downloading,neutral,positive,0.7333440184593201,0.0074780043,0.25917798,0.733344
"it's a great and fun app for emoji use, i like the customization. but there needs to be more clothing and style options. i feel like there needs to be styles with clothing and hair, such as punk, goth, rocker, traditional, futuristic, fairy, and many more. other than wanting more styles to choose from this app is great",positive,positive,0.9106811285018921,0.011837089,0.07748184,0.9106811
"wow, this is a terrible app. no open dialog or page goto. i had expected better from an actual adobe app.",negative,negative,0.9703295826911926,0.9703296,0.023181826,0.006488586
i m fed of this <url> has posted it add every where,negative,negative,0.4419415295124054,0.44194153,0.42446008,0.13359842
it is very usefull browser,positive,positive,0.8052049875259399,0.013295294,0.18149975,0.805205
its a bit slow vs thinking office and also text anti aliasing is bad,neutral,neutral,0.7747928500175476,0.03510449,0.77479285,0.19010267
"it was great for me and the owner was very nice to us.,but the price change when i pay from <number> to <number>",neutral,positive,0.6575250029563904,0.031108752,0.3113662,0.657525
provide some good <url> the only bad thing about this app is lack of good <url> hope you make it <url>,neutral,positive,0.6268412470817566,0.010089995,0.3630687,0.62684125
problem with saving large photos plz fix ir,neutral,neutral,0.7283706665039062,0.19597685,0.72837067,0.07565242
its a good app but we dont have a night mode option for reading in which the background becomes black and text becomes white in color.,positive,neutral,0.8014703392982483,0.01867698,0.80147034,0.17985266
i hate the new version of bbm,negative,negative,0.9519525766372681,0.9519526,0.04027615,0.007771229
is an interesting app to use.,positive,positive,0.8879631161689758,0.01204199,0.09999493,0.8879631
"used to be great. now lots of issues with network. i keep getting no network errors, as failed to update errors even when signal is great, or i'm connected to my wi-fi at home.",neutral,negative,0.4845278263092041,0.48452783,0.47468382,0.040788356
it always has me in virginia and i live in florida,neutral,positive,0.47683417797088623,0.16863513,0.35453066,0.47683418
it is the very good ape to any one download,positive,positive,0.8590158820152283,0.011063113,0.12992097,0.8590159
not up to the mark,neutral,neutral,0.5057591795921326,0.4430028,0.5057592,0.051238034
useless boring it's of no use now days just like mxit,negative,negative,0.9192439913749695,0.919244,0.070277594,0.010478361
very easy to use,positive,positive,0.8961002826690674,0.012906052,0.09099362,0.8961003
worst upadate this update dont respond whenever i access my download section so hated it.,negative,negative,0.9720104932785034,0.9720105,0.022112744,0.005876697
i have lots of state that i watch. my home town will not show what it feels like. all the others do. i have tried a few different things and it won't work. don't understand but it is important to me to know how cold it feels out. i can go to hourly and it tells me but should not have to! i'm uninstalling!,neutral,negative,0.8281955718994141,0.8281956,0.15064053,0.021163976
better and more accurate then most other weather apps.,positive,positive,0.9055267572402954,0.009836456,0.08463678,0.90552676
fun!!! just wish i could make one of my bf.,neutral,positive,0.8940789103507996,0.0143262185,0.09159483,0.8940789
worthless does not open password protected pdf as stated,negative,negative,0.9536440968513489,0.9536441,0.03897751,0.007378349
shoddy ui and keeps logging me out,negative,negative,0.8762086629867554,0.87620866,0.11026109,0.0135302385
"very accurate, which is important! how about a <number> x <number> widget?",positive,positive,0.8084558248519897,0.011687968,0.17985621,0.8084558
i like the set up.,positive,positive,0.8345893621444702,0.010390951,0.15501964,0.83458936
"looks interesting at initial install, however the advertisement photos and the camera lay out are different to my install on a samsung galaxy note <number> . missing too many features compared to the full pc. version, particularly tagging and indexing. camera is not as good as the original camera being on the dark side. a nice app. however adds not enough to warrant keeping. perhaps in the future updates. most notably is missing the side by side photo comparison which was the main reason for installation.",neutral,neutral,0.7782413959503174,0.018460216,0.7782414,0.20329842
nexus <number> and samsung s <number>,positive,neutral,0.5054282546043396,0.3451384,0.50542825,0.14943342
"crashing. app crashes and freezes constantly. on htc one m <number> , and the app is completely broken.",negative,negative,0.9532573223114014,0.9532573,0.037985593,0.008757072
plz provide watermarking <url>,positive,positive,0.6135393977165222,0.046499684,0.33996096,0.6135394
u can download all movies in any language at movie <url> it okkk,neutral,neutral,0.724911630153656,0.2235768,0.72491163,0.0515116
pls add more features for android like iphone features,neutral,positive,0.6542181968688965,0.022682635,0.3230992,0.6542182
nice app but when i taking picture with this app i have little problem here the range have limited only <number> - <number> meter even i set focus to infinity still can't get to it. i shoot with pro mode <url> you can fix that it will be <url>,neutral,positive,0.7209807634353638,0.017887259,0.261132,0.72098076
it's not a web browser. it's an ad browser,negative,negative,0.74739009141922,0.7473901,0.2275863,0.02502362
a lot of a bug here,negative,neutral,0.512556791305542,0.40485168,0.5125568,0.08259154
shame forest starts again every day would be nice to build a huge forest like monthly or so,positive,neutral,0.5922335386276245,0.13357706,0.59223354,0.2741894
"this app is so fun! my friends and family love exchanging silly bitmojis in our texts. the only reason why i gave it <number> stars is because i wish there was a way for your to organize the bitmojis, so you can quickly access certain ones instead of having to scroll through them or search. also, the outfits are pretty awful. they need a little more fashion. lol however, the art and creativity in the bitmojis are terrific!",positive,positive,0.8313836455345154,0.021793282,0.14682305,0.83138365
i love it but we need video support!,neutral,positive,0.807217001914978,0.042317517,0.15046544,0.807217
the app is is good but,neutral,neutral,0.7599897384643555,0.014922003,0.75998974,0.22508824
it is taking forever to load. never had this issue before. just started a few weeks ago,neutral,neutral,0.563309907913208,0.37767297,0.5633099,0.05901705
map stopped animating over a week ago on my samsung galaxy s <number> . please fix. used to be the <signature>,negative,negative,0.5016440153121948,0.501644,0.43080476,0.06755122
"it definitely helps me stay focused and off my phone. the one complaint i have is that when i have my phone on silent/vibrate, when i plant a tree my phone goes into standard/sounds on mode. i don't like that at all, i have it on silent for a reason.",positive,positive,0.8484742045402527,0.012358419,0.13916737,0.8484742
one   for doing this nasty ios port,negative,negative,0.797761857509613,0.79776186,0.15081377,0.051424295
unmounted my sd card,negative,negative,0.9606958627700806,0.96069586,0.030996304,0.0083077885
why can i not delete saved locations? and ive read thtough it many times and dont see anyway at all to delte previously saved locations!!? im going to have to uninstall the app and then reinstall it to reset this location deleting issue u have!?!???,neutral,negative,0.9224721193313599,0.9224721,0.06862225,0.0089057
"lacks capability to browse for local file. no goto page option, <number> page documents impossible to read. no 'bookmark' to save <url> apps avail",negative,negative,0.6083662509918213,0.60836625,0.36635438,0.025279395
bbm is easy to use and simple way for chating to my friends and <url> !,neutral,positive,0.8876210451126099,0.012332414,0.10004656,0.88762105
make it better please,positive,positive,0.5075076222419739,0.01310527,0.4793871,0.5075076
"i liked the game as well as the concept. it would be better if it gave a sort of buzzer when time was up, and if you could add some personalization.",positive,positive,0.8353919386863708,0.010939324,0.15366878,0.83539194
"useful app nice app for opening documents, no adverts,easy to use and doesn't need a lot of experience",positive,positive,0.854167640209198,0.0073239277,0.13850838,0.85416764
easy to book and great choice and information.,positive,positive,0.9260610938072205,0.0111091295,0.062829755,0.9260611
never trust earth networks again,negative,negative,0.8898356556892395,0.88983566,0.08937387,0.020790467
what happened to the elite version i paid for?,negative,negative,0.9603175520896912,0.96031755,0.029053902,0.010628559
lots of problems with the map,neutral,neutral,0.6914497017860413,0.090809084,0.6914497,0.2177412
simple and easy to use,positive,positive,0.9078453183174133,0.010351321,0.08180336,0.9078453
"enjoyed the app until the <url> then the ticker quit <url> the pop up ads in the ticker are annoying. when you get all that shut off in settings, it works great!",positive,positive,0.7621894478797913,0.01918236,0.21862827,0.76218945
radar does not work. will not stay on my home city.,negative,negative,0.970943033695221,0.97094303,0.023200568,0.0058563757
it would be nice if it was in different languages.,neutral,neutral,0.5785267949104309,0.010179979,0.5785268,0.41129324
some tools can be available and improved without having to open an account or sign in each time like with drive but in general is pretty useful and have good features also please create the bin icon instead of the <number> dots and once you choose a file you can't delete only if you go back,positive,positive,0.8009495139122009,0.008291301,0.1907592,0.8009495
"i love it! however, i do a lot of work on my phone and so i would like an option to run the app while using my phone, without it killing a tree!",positive,positive,0.8988574743270874,0.017348904,0.083793655,0.8988575
good app easy to use. the lens correction function doesn't seem to work though. but maybe i am unaware of how it's supposed to work.,positive,positive,0.5873040556907654,0.00833685,0.40435907,0.58730406
there should be feature by which we can see who saw my message in a group and who doesn't. like we have in what's app,positive,neutral,0.6573609709739685,0.018107789,0.657361,0.32453132
"can we get this to, somehow, plant an actual tree? say, for a certain amount of trees grown succesfully a tree gets planted at some forest in need.",negative,neutral,0.6293593049049377,0.076470695,0.6293593,0.29417
contains alot of ads,positive,neutral,0.5808439254760742,0.3124167,0.5808439,0.10673947
can't search area,negative,negative,0.8571714162826538,0.8571714,0.13155702,0.011271561
good app for team communications,positive,positive,0.7771046161651611,0.008680536,0.21421483,0.7771046
stopped showing up in my status bar,neutral,negative,0.6263493299484253,0.62634933,0.30201542,0.07163518
use it for studying,positive,positive,0.8858088254928589,0.020155963,0.0940352,0.8858088
too much ads i dont want uc news stop showing me ads to download uc news,negative,negative,0.8846073746681213,0.8846074,0.10386212,0.011530442
installed this app on my zt <number> tablet but wont work annoying!,negative,negative,0.8768234848976135,0.8768235,0.113010205,0.010166281
the tree does not die no matter which app i <url> i have tried every setting possible but it doesnot <url>,negative,negative,0.7339293360710144,0.73392934,0.2310755,0.034995206
i love  this app,positive,positive,0.4776175022125244,0.2510492,0.2713333,0.4776175
need to have female and males,neutral,neutral,0.6174204349517822,0.28002048,0.61742043,0.10255906
add tick tick clock sound in it,positive,positive,0.6900412440299988,0.0142322425,0.29572648,0.69004124
the radar won't work with samsung galaxy s <number> . so lame,negative,negative,0.9287332892417908,0.9287333,0.06276276,0.008503927
great app. and loads pdf docs faster than many other apps,positive,positive,0.8951817154884338,0.024663825,0.08015448,0.8951817
"fun app! wish i could draw some added details, but fun anyway.",positive,positive,0.800104558467865,0.009687346,0.19020812,0.80010456
pretty cool app to have.,positive,positive,0.809222936630249,0.012505116,0.17827196,0.80922294
"clumsy auto-import, but great overall",positive,neutral,0.5430470108985901,0.030862235,0.543047,0.42609075
useless without raw support,negative,negative,0.9678500294685364,0.96785,0.025020419,0.0071295425
tried to use it for my team at work but they just wanted to use the whatsapp groups they currently do which is basically the same thing.,neutral,negative,0.655224084854126,0.6552241,0.29735628,0.047419626
i think this a smart browser but opera mini fast then uc but good effort by devolpers,positive,positive,0.5995113849639893,0.020566778,0.37992182,0.5995114
i am facing problem while using it needed to work on user interface its getting slow and hangs sometimes,neutral,neutral,0.48154574632644653,0.47940364,0.48154575,0.03905063
"it's an ok app, compared to whatsapp and line messenger",neutral,neutral,0.6902729272842407,0.009633762,0.6902729,0.3000933
"won't open any .pdf files on my tmo vibrant (bionix <number> . <number> ), useless.",negative,negative,0.9732484221458435,0.9732484,0.020584308,0.0061672335
can you fix the quality of display picture,positive,neutral,0.6966422200202942,0.04487242,0.6966422,0.25848532
can't move app to sd card,neutral,neutral,0.7361987829208374,0.20944338,0.7361988,0.054357845
good app but more facilities we exprcted,neutral,neutral,0.6174326539039612,0.014915788,0.61743265,0.36765152
app works great. consider changing the red triangular notification to a solid red color in the notification bar in android. on my note <number> it appears as transparent in the notification bar at the top.,positive,positive,0.8499002456665039,0.012591197,0.13750857,0.84990025
plz update it it stick in the loading screen forever,negative,neutral,0.6752946972846985,0.22343995,0.6752947,0.10126535
i like it but i wish there were more things and i wish we could customize shirts and stuff,positive,positive,0.8554677963256836,0.01659009,0.12794207,0.8554678
my messages aren't going through to anyone. please fix immediately.,neutral,neutral,0.5463641881942749,0.39978468,0.5463642,0.05385113
"i love it, but i'll select one to use and then it will show the new one sent, but a short time later, it will show that i resent an old one, not the one i just selected.",neutral,positive,0.6369677782058716,0.032246523,0.33078578,0.6369678
my radar has stopped working! i've never had a problem with it until today please fix!,negative,negative,0.7593640685081482,0.75936407,0.2098927,0.030743277
working properly for awhile and crashes later on,neutral,neutral,0.5565050840377808,0.3518459,0.5565051,0.09164906
"a well-crafted, simple app",positive,positive,0.919572114944458,0.013131792,0.0672961,0.9195721
it was okay at the start and got me focussed but my phone's screen timed out and locked and then my tree withered. please fix this,negative,neutral,0.8094795346260071,0.071791485,0.80947953,0.11872893
it's pretty useful!,positive,positive,0.7511155009269714,0.0075061563,0.24137834,0.7511155
why can my friends get the bitmojis with two people but i can't? frustrated.,neutral,neutral,0.6562280058860779,0.28048033,0.656228,0.06329164
remove obscene quotes and gestures,negative,negative,0.7084553837776184,0.7084554,0.24130505,0.050239548
pretty good. app wish it let you face scan yourself.,positive,positive,0.8189118504524231,0.007674813,0.17341329,0.81891185
very good but crashes often,neutral,positive,0.5799098610877991,0.022259368,0.39783078,0.57990986
"lacking lens correction and blur features, otherwise i'd love it. please consider adding these, otherwise i'll have to use photo mate r <number> , cause while it doesn't have blur feature's it has great lens correction features so i can get my chromatic aberration effect : <number>",positive,neutral,0.5074300169944763,0.017986838,0.50743,0.47458312
the animation stopped working please fix!,negative,negative,0.7680765390396118,0.76807654,0.19184919,0.040074226
goood one no one can see images unless u do hd,positive,negative,0.5796940922737122,0.5796941,0.36984837,0.050457492
the app lags and consume lots of space.,negative,neutral,0.5668619871139526,0.38508168,0.566862,0.048056312
"great app, using for an <url> but, could it be upgraded with the feature 'desktop mode' ?",positive,positive,0.709507942199707,0.026254172,0.26423788,0.70950794
it was good before,neutral,neutral,0.6873043775558472,0.14576219,0.6873044,0.16693345
i like the old spark better it was more accurate cuz it told you exactly how many miles away the lightning was now you gotta zoom in on the map just to see in a round about ways of where the lightning <url>,neutral,positive,0.6955702900886536,0.019712597,0.28471714,0.6955703
"i really like it, but for a while now it hasn't been making my tree die when i touch my phone. also, after completing a set amount of time there's another number underneath my tree. i can't figure out what this means.",positive,neutral,0.637018084526062,0.06578758,0.6370181,0.29719442
annoying buttons below the chat text box.,neutral,neutral,0.8021377921104431,0.11415141,0.8021378,0.0837108
i like this app for esuy to watch movie,positive,positive,0.8698780536651611,0.013989381,0.11613262,0.86987805
"aaa please tell me why it doesnt show my cherry blossom <url> i just unlocked it with <number> coins, and i cant find it to grow it. arghh its frustrating.",neutral,neutral,0.6121667623519897,0.34474158,0.61216676,0.04309163
needs to save where you last left off thats all it needs <number> stars when it updates,neutral,neutral,0.5894685387611389,0.35752752,0.58946854,0.053004004
the app draws the mobile addict in you and plays with his/her psyche.,positive,positive,0.7016857266426086,0.07014744,0.22816686,0.7016857
it is helpful for fast downloading,positive,positive,0.8606086373329163,0.007000322,0.13239105,0.86060864
hard to access emojis/sticker,positive,negative,0.7716252207756042,0.7716252,0.20813613,0.02023859
why this app has become so big? earlier it used to be only <number> mbs now its <number> . please reduce the size. <signature>,neutral,neutral,0.7221062779426575,0.16675285,0.7221063,0.1111409
directions make no sense,negative,negative,0.6690149903297424,0.669015,0.28090215,0.0500829
great app for photography but,neutral,positive,0.7440316081047058,0.0317155,0.22425294,0.7440316
why can't they fix these issues,neutral,neutral,0.5889918804168701,0.30876753,0.5889919,0.10224062
not working with whats app,negative,negative,0.8592627048492432,0.8592627,0.12735505,0.01338221
you have to put the search option in the app,positive,neutral,0.6253005862236023,0.29925406,0.6253006,0.075445406
"its very usefull, also good <url> !!!",positive,positive,0.8751579523086548,0.008531551,0.11631053,0.87515795
"its good. but the problem is whenever i charge my phone, and the forest app has been running, the moment the charging the moment the tree died. and i do not get a single coin. lol is not my fault that the tree died, but what i got-o coins and a dead tree.",neutral,neutral,0.8116714954376221,0.015944766,0.8116715,0.17238367
tel me what to do,positive,neutral,0.5767123103141785,0.28368747,0.5767123,0.13960017
some websites say i don't have adobe even though i have this loaded.,neutral,neutral,0.4774400293827057,0.44230074,0.47744003,0.08025922
it is easy to find your distination but there is always a less price,neutral,neutral,0.5383473038673401,0.038578585,0.5383473,0.42307413
i havent many friends here,positive,negative,0.6906681656837463,0.69066817,0.27987394,0.029457856
"would like updates on the sun over a <number> hour loop, as well as wind maps, water temps. but one of the <signature>",positive,positive,0.7788428664207458,0.008017985,0.21313919,0.77884287
where are the local adjustments?,positive,neutral,0.6110721826553345,0.1362406,0.6110722,0.25268728
very easy to <url>,neutral,positive,0.8941461443901062,0.013920121,0.09193372,0.89414614
easy to use very good deal.,positive,positive,0.9184862971305847,0.009769276,0.07174443,0.9184863
this app doesnt want to sign me up,neutral,negative,0.9675434231758118,0.9675434,0.026680663,0.005775845
always showing install even it has already installed,positive,neutral,0.4794185161590576,0.13017921,0.47941852,0.39040235
the zooming feature is slow and consequently difficult to use.,neutral,neutral,0.781794548034668,0.16365527,0.78179455,0.05455019
great tool for on the go!,positive,positive,0.9186038970947266,0.016911,0.06448513,0.9186039
raw format not supported,neutral,neutral,0.6091924905776978,0.28856295,0.6091925,0.10224453
"it's a cool thing to have, but it won't sync up with the mozilla addon",positive,neutral,0.7828123569488525,0.016661936,0.78281236,0.20052566
great app but keeps crashing,neutral,positive,0.5929206013679504,0.08358057,0.32349885,0.5929206
"bbm is good ,hate the adverts",positive,negative,0.5035699605941772,0.50356996,0.43232933,0.06410074
how about a tablet ui?,neutral,neutral,0.5903967618942261,0.139701,0.59039676,0.26990226
prefer the website more,neutral,neutral,0.640134334564209,0.1704527,0.64013433,0.1894129
"good design. hope the plant real trees is a true story! also, why the highest ranking people are mostly asian? should expand your customers",positive,positive,0.7558393478393555,0.009762417,0.23439825,0.75583935
"i am not disappointed, but pixlr is still a way better software.",neutral,neutral,0.641158401966095,0.07003779,0.6411584,0.2888038
"i love playing with bitmojis. the clothes in the personalization could use some updating, though. very little are things i'd ever actually wear. it would also be nice to add friends directly on the app to interact with their own bitmojis outside of snapchat.",positive,positive,0.887739360332489,0.010259549,0.10200102,0.88773936
i love it. i just wish i could delete images that i find offensive and would never use.,positive,positive,0.781452476978302,0.06763798,0.15090956,0.7814525
i think in the new update they let you color customize any hair style and let you put cuts in your eyebrows.,positive,positive,0.8607177138328552,0.018464709,0.12081756,0.8607177
automatically resizes with no way to change!!,negative,negative,0.9601061940193176,0.9601062,0.032469813,0.00742398
don't like the new update,positive,neutral,0.6407501697540283,0.29842424,0.64075017,0.060825616
i like my bbm now . <signature>,positive,positive,0.8833624720573425,0.015736468,0.10090103,0.8833625
no more trees since update. just shrubs :'(,positive,neutral,0.6851462721824646,0.16629845,0.6851463,0.1485553
would not updated on my phone and i tried like <number> times,negative,negative,0.7468395829200745,0.7468396,0.23017687,0.022983572
"needs more body shapes and sizes, as well as face lines around nose/cheeks",positive,neutral,0.6382222771644592,0.019895984,0.6382223,0.34188172
took away floating head in txt,negative,negative,0.8387339115142822,0.8387339,0.13594903,0.025317114
stopped working on my phone since the last update. will bring rating up when the problem is fixed.,negative,negative,0.6332782506942749,0.63327825,0.34054393,0.026177859
works well. most of my pdf files require me to enter a username and password. this app will not allow me to. any chance of adding that?,neutral,neutral,0.7727811932563782,0.016868604,0.7727812,0.21035025
"it's <url> ,add select area <url> mean make selection by <url>",neutral,positive,0.5956341624259949,0.020246083,0.38411978,0.59563416
app doesn't always work. temp won't show in n status bar. doesn't keep track of moving locations,neutral,negative,0.7076942920684814,0.7076943,0.27611387,0.016191866
i hate this update,negative,negative,0.957062840461731,0.95706284,0.03556069,0.007376375
new updates are beyond worse,negative,neutral,0.49334806203842163,0.35064417,0.49334806,0.15600774
where is wbug elite i paid for???,negative,negative,0.9488044381141663,0.94880444,0.040156797,0.011038753
make the time lapse between editing each feature shorter,positive,neutral,0.7688544988632202,0.067346014,0.7688545,0.16379952
add one more feature,positive,positive,0.6340510249137878,0.018768903,0.34718,0.634051
the app was useful but avg virus scanner said it contains malware so i'm uninstalling to be safe,negative,neutral,0.6684488654136658,0.23354673,0.66844887,0.098004386
i couldn't open it.,negative,negative,0.9588155150413513,0.9588155,0.032962583,0.008221889
i think that uc is very nice,neutral,positive,0.7872574925422668,0.017184414,0.19555815,0.7872575
mis the original bbm,negative,negative,0.6289693713188171,0.6289694,0.3106556,0.060375005
new ui tanks usability,negative,positive,0.6278469562530518,0.041091636,0.3310614,0.62784696
this app is so good,positive,positive,0.6857736110687256,0.013683075,0.30054325,0.6857736
doesn't work on my htc droid eris!! can't open pdf attached emails. uninstalling!!,negative,negative,0.9729458689689636,0.97294587,0.021170603,0.0058835475
it's very good app for android mobile s,positive,positive,0.8575493097305298,0.008549904,0.1339008,0.8575493
temp is all wrong,neutral,negative,0.8876959085464478,0.8876959,0.09591207,0.016392106
id's easy to use and very helpful,positive,positive,0.9080587029457092,0.009138418,0.082802854,0.9080587
"it seems everytime we're about to get severe weather, the app stops working. radar doesn't work, storm tracking doesn't <url> most critical time for something to work is during or before a storm, such as we're supposed to get today. this app works great on bright, sunny <url> 't depend on it if a storm is brewing though. it will quit working on you.",neutral,negative,0.7527260780334473,0.7527261,0.22663593,0.020637967
i guess its just the world i live in???,negative,neutral,0.597049355506897,0.097039506,0.59704936,0.30591112
just an idea. when editing/creating my bitmoji i think it'd be neat to have the option to mix and match parts of different outfits together or even change colours of parts.,positive,positive,0.7093901038169861,0.016021134,0.2745888,0.7093901
app is good. no weather forecast is <url> very vague predictions.,positive,neutral,0.7989495396614075,0.022764778,0.79894954,0.17828573
cannot attach pictures to reviews,neutral,neutral,0.601424515247345,0.3456156,0.6014245,0.052959856
great weather app! easy to use and quick to load. only wish it was easy to find a forecast video on it.,positive,positive,0.9135550856590271,0.011778122,0.07466681,0.9135551
issue on local wifi,neutral,neutral,0.6448347568511963,0.20337036,0.64483476,0.15179494
i dont like this app,negative,negative,0.8499860763549805,0.8499861,0.13382433,0.016189588
on the right track,positive,neutral,0.5473854541778564,0.05314035,0.54738545,0.39947414
best app for browsing,positive,positive,0.854009747505188,0.009562142,0.13642813,0.85400975
needs a dark mode for the notification bar. hate the bright white glaring at me.,positive,neutral,0.7614007592201233,0.1632585,0.76140076,0.07534072
"good app, but it doesn't support gif in android",positive,neutral,0.8502703309059143,0.045673367,0.85027033,0.104056254
<salutation> i tried to sign in and i gave my email and password and from u a email also came but what next to <url> tried to click check again and continue but nothing happened,positive,negative,0.9234081506729126,0.92340815,0.06547741,0.011114446
been using for several months now as a communication tool for various members of a nonprofit organization. it's only downfall that i can see are the occasional missed update alert and that there is no notification badge on the icon.,positive,positive,0.7601578831672668,0.04235773,0.19748442,0.7601579
works for what i need,positive,positive,0.8971080780029297,0.027518725,0.075373195,0.8971081
it's saying it's not up to date so i can't view my file. -htc evo,neutral,neutral,0.6217293739318848,0.30571967,0.6217294,0.072550945
when you know how to use it it's pretty fun and useful same with adobe photoshop touch i have a ton of fun with that but you just have to know how to use it or it will not be fun that's why people are reading it for star i read it <number> stars i love it but only because i know how to use it,positive,positive,0.826525092124939,0.014074596,0.15940036,0.8265251
best app ever ( my opinion),negative,positive,0.848507821559906,0.022019029,0.1294732,0.8485078
doesn't tie your account to gmail - so every new phone (or reflash) you have to retype <url>,negative,negative,0.851180374622345,0.8511804,0.13706507,0.011754557
great application for team collaboration,positive,positive,0.9217805862426758,0.019398488,0.05882094,0.9217806
"crash easily,make my phone <url> its a great <url> u!",positive,positive,0.6825228929519653,0.05554256,0.26193458,0.6825229
the menu bar above keyboard is annoying,positive,neutral,0.7394779920578003,0.15595663,0.739478,0.10456536
it's an essential tool.,positive,positive,0.8961443305015564,0.013794987,0.09006065,0.89614433
this bbm doesnt work properly with the samsung notebook <number> . it is always showing limited bbm access. pls fix this,neutral,negative,0.8789256811141968,0.8789257,0.109104976,0.011969391
"unless i open the app, i get no notifications even when my name is mentioned",negative,negative,0.7277481555938721,0.72774816,0.25007045,0.022181423
it's good app but need more apps related chat process,positive,neutral,0.5144990682601929,0.009724493,0.51449907,0.47577646
"doesn't open all pdfs. i do a lot of work dealing with architectural plans. this does not render all of the pdfs (some open fine, others open blank).",negative,neutral,0.5119948983192444,0.45489848,0.5119949,0.033106625
quick way to book a motel when you need too,neutral,positive,0.7626507878303528,0.013512655,0.22383651,0.7626508
can get out of the app by home button and use your <url> timer runs in the <url>,neutral,neutral,0.7246800661087036,0.19638418,0.72468007,0.0789358
"honestly a joke compared to the desktop version of lightroom. i have one of the most powerful phones in existence and this app can't even scroll without lagging. i reinstalled today, <number> months later to find not only has nothing changed but my trial has expired and i now need to pay to use a laggy gimped version of software i already own.",negative,negative,0.5402076244354248,0.5402076,0.38263565,0.077156685
better for <url> !!!! you will try <url> !!!!,neutral,neutral,0.6796554923057556,0.086863965,0.6796555,0.23348054
backup feature was awesome,positive,neutral,0.4786767065525055,0.09924592,0.4786767,0.42207745
amazing to use this one like superb,positive,positive,0.9110453724861145,0.016129233,0.07282536,0.9110454
i can't post on any website.,neutral,negative,0.8352304100990295,0.8352304,0.1515339,0.013235645
want some other features,neutral,neutral,0.6666492223739624,0.01965725,0.6666492,0.3136935
this app is not user friendly,neutral,negative,0.855543315410614,0.8555433,0.12936386,0.015092785
force closes <number> / <number> !,negative,negative,0.8933427333831787,0.89334273,0.08696523,0.019692095
what a waste of this apps effort the image meta data are always show false info when export image to gallery,negative,negative,0.9623022079467773,0.9623022,0.031339936,0.006357918
it's a nic app n helpful <url>,positive,positive,0.744734525680542,0.008152889,0.24711254,0.7447345
how to change time ??,neutral,neutral,0.43969520926475525,0.33176872,0.4396952,0.22853607
it's ok but this new version is not so impressive,neutral,neutral,0.8377373814582825,0.015893143,0.8377374,0.14636938
this is a good movie downloader,positive,positive,0.7651712894439697,0.018082634,0.21674603,0.7651713
want my old avatar can't find it,negative,negative,0.6273855566978455,0.62738556,0.33027577,0.042338684
best of pdf file app,positive,positive,0.8694995045661926,0.015156815,0.11534361,0.8694995
i would have gave <number> stars if y'all had more cute outfits for the girls to wear that is seasonal appropriate,positive,positive,0.7731561064720154,0.03099068,0.1958532,0.7731561
was ok but i can easily use other apps when i press home,negative,neutral,0.6731186509132385,0.089601584,0.67311865,0.2372798
"useless. can't log in using the app at all. deleted and reinstalled several times, still no luck.",negative,negative,0.972496747970581,0.97249675,0.020859733,0.0066434825
"easy to use, but if i plant a tree to grow and then leave the app it doesn't die. don't know if that's a bug in the app, but knowibg it won't die once i exit the app gives me no reason to stay focused",positive,neutral,0.8358169198036194,0.063759595,0.8358169,0.1004235
cuts down on paper usage.,positive,neutral,0.6949320435523987,0.23872334,0.69493204,0.06634466
<salutation> then dropped it. and now the radar animation doesn't work.,negative,negative,0.9696858525276184,0.96968585,0.023061672,0.0072524226
"good idea, but too slow on android. much better on desktop.",negative,neutral,0.6863719820976257,0.04903315,0.686372,0.26459482
"like everything about it, except that the radar animation is a little clunky.",positive,neutral,0.609675943851471,0.012296891,0.60967594,0.37802717
it's the king when it comes on downloading from internet i really appreciate it,positive,positive,0.7481585741043091,0.05738709,0.19445434,0.7481586
"i'm using uc browser from many years and its was amazing but from the last update i got, it get <url> everytime i open new site, it shows an error everytime. please fix this.",neutral,neutral,0.6682259440422058,0.2400201,0.66822594,0.09175393
cant install this app on my s <number> . error cant install in default location,negative,negative,0.9488959908485413,0.948896,0.04488627,0.006217711
needs to include precipitation estimates,neutral,neutral,0.7969693541526794,0.03679671,0.79696935,0.16623385
new version is a step back,negative,positive,0.36510124802589417,0.28103176,0.35386702,0.36510125
great but watch little bug,neutral,positive,0.8615485429763794,0.020012623,0.118438795,0.86154854
i love this app.,positive,positive,0.5505654811859131,0.21570353,0.23373097,0.5505655
"love the idea, and as long as i didn't touch my phone notifications and such didn't ruin my progress. however if i try to exit out of the app (to use whitelisted apps like my calculator) then it 'killed' my trees.",neutral,positive,0.6913405060768127,0.04560846,0.2630511,0.6913405
"my mom found this before i did! i'm <number> and even i like it. lol great for all ages. you can make it look just like you to every detail, many clothes and accessory choices, and when you want to send a text to somebody they basically have everything you might want to say to somebody in a text or to reply back to somebody in a text message. plus cute little emojis of yourself doing things.",positive,positive,0.9125285148620605,0.013856186,0.0736153,0.9125285
ads ads ads everywhere,neutral,negative,0.8811958432197571,0.88119584,0.10231083,0.016493423
has gotten a bit better since last review. i really like the lightning strike display. helps me with my lightning photos,neutral,positive,0.9065768122673035,0.011448461,0.0819747,0.9065768
i really enjoy it,positive,positive,0.7773498296737671,0.030337673,0.19231254,0.7773498
i rely on accurate radar as i work outside everyday on a golf course. the daily and the hourly forecast constantly contradict each other though now and it's hard to figure out what the actual weather will be so i can only really rely on radar.,positive,positive,0.6014909148216248,0.04758001,0.35092905,0.6014909
"i enjoyed it, but the app deleted all of my purchases, such as trees and sounds",neutral,positive,0.49301889538764954,0.04988083,0.45710036,0.4930189
so far it's good,positive,neutral,0.5137976408004761,0.0085650785,0.51379764,0.4776373
would like some custom messages when trees are planted,positive,positive,0.6667723059654236,0.010187483,0.32304025,0.6667723
used to be good,negative,negative,0.7700640559196472,0.77006406,0.20355396,0.026381942
make category select bradcast message!,neutral,neutral,0.49763599038124084,0.09241472,0.497636,0.40994933
causes allot of problems will change dates etc when making a booking. prob better off staying with web page.,negative,neutral,0.6663239598274231,0.2602066,0.66632396,0.07346947
reflow feature quirky. can't somehow help feeling suspicious it is bugridden inside.,negative,neutral,0.8306789994239807,0.08712519,0.830679,0.082195826
i don't <url> i can't understand this appp,neutral,negative,0.8960758447647095,0.89607584,0.09086612,0.0130579155
crashes on galaxy s,negative,negative,0.8218129277229309,0.8218129,0.14770451,0.030482532
force closes all the time. from a company with a good to great rep. i had expected better,negative,neutral,0.4870978891849518,0.33752513,0.4870979,0.17537701
great <url> ruined with ads,neutral,negative,0.960288405418396,0.9602884,0.029914891,0.0097966315
worst experience at hotel,negative,negative,0.9678836464881897,0.96788365,0.024854958,0.007261387
heating and battery problem,neutral,neutral,0.48151856660842896,0.46982417,0.48151857,0.048657242
fed up with advertisements. oh my gosh. cannot tolerate this application anymore,negative,negative,0.8914613723754883,0.8914614,0.097781576,0.01075704
this is the fastest app searching mode,positive,positive,0.7785823941230774,0.03128335,0.19013426,0.7785824
"nice app for managing ongoing projects, teams, groups.",positive,positive,0.9218900799751282,0.008481724,0.06962814,0.9218901
is not allways up to date with current weather.,positive,neutral,0.7467101216316223,0.17374662,0.7467101,0.07954327
realy superrrr <url> saver app,positive,neutral,0.4777885377407074,0.114053324,0.47778854,0.40815806
<number> day trial? and then creative cloud?,negative,negative,0.8836252689361572,0.88362527,0.08987154,0.026503297
the print button keeps shutting itself down,positive,negative,0.5562916994094849,0.5562917,0.39714366,0.04656461
average performance in download,neutral,neutral,0.6444825530052185,0.044992607,0.64448255,0.31052485
animation on radar stopped,negative,negative,0.8720778226852417,0.8720778,0.1012122,0.026709963
"so far so good. surfing is made enjoyably interesting, thumb ups.",positive,positive,0.8800468444824219,0.009825128,0.11012806,0.88004684
bbm sucks on my galaxy s <number> mini .,negative,negative,0.9599449038505554,0.9599449,0.033750348,0.0063048056
what did i download?,negative,negative,0.9086970686912537,0.90869707,0.07679854,0.01450439
my favourite editing apl,positive,positive,0.8397886753082275,0.042954776,0.11725658,0.8397887
so easy to use and appropriate advice,positive,positive,0.9061957597732544,0.008382727,0.08542152,0.90619576
doesn't work properly.,negative,negative,0.9541507363319397,0.95415074,0.038551588,0.0072976933
"generally good, sometimes price filter doesn't work well.",positive,positive,0.6790310144424438,0.009272945,0.311696,0.679031
love this app pretty accurate,positive,positive,0.8971275091171265,0.027080338,0.07579213,0.8971275
as much as <number> degrees off!,negative,neutral,0.5638651251792908,0.28612867,0.5638651,0.15000613
used to be good,negative,negative,0.770064115524292,0.7700641,0.20355394,0.026381953
"this app helps me be productive, but since the update, i can't plant the trees i had previously bought.",positive,positive,0.6143050193786621,0.011207214,0.3744878,0.614305
dell streak:force close sometimes. blank pages sometimes. need bookmark feature and ability to continue from last read page.,neutral,neutral,0.8319184184074402,0.088848345,0.8319184,0.07923318
"if your in a hurry, i'd recomed calling, it takes a wile to fill out the information.",neutral,neutral,0.7465668320655823,0.06682905,0.74656683,0.18660407
good but not good as web version,positive,neutral,0.8364471197128296,0.053408828,0.8364471,0.11014411
problems working over wi-fi,negative,negative,0.48354363441467285,0.48354363,0.47139817,0.045058217
it's ads all the way,negative,negative,0.732984185218811,0.7329842,0.23863478,0.028381085
no password support <url>,negative,negative,0.7744559645652771,0.77445596,0.20056,0.024984062
"good, but not perfect",neutral,neutral,0.801977813243866,0.027128695,0.8019778,0.17089354
i wish it would work offline,positive,neutral,0.5186094641685486,0.023007473,0.51860946,0.45838308
cloud based apps do not work for me. with pathetic network services in our region it becomes frustrating to use. pity. will have to uninstall,negative,negative,0.9619243144989014,0.9619243,0.031786025,0.006289695
"so disappointed with this app! why would you delete an entire account without any warnings? see i'm not mad that you deleted my account because i had iran's ip address, i'm mad because you didn't even bothered to give me a chance to take back up of my files! do you understand how unprofessional this is? so disappointed!",negative,negative,0.8982424139976501,0.8982424,0.09116995,0.010587622
this app is good,positive,positive,0.7609180212020874,0.010623645,0.22845839,0.760918
"slow, laggy performance. thinkfree office opens my pdfs and allows smooth transitions and zooming.",negative,neutral,0.7211563587188721,0.22918949,0.72115636,0.049654167
since the update the radar doesn't work <url>,negative,negative,0.946366548538208,0.94636655,0.045197934,0.008435527
"like the app, but could you please remove the external storage permission when i want to take a picture? i don't like granting apps dangerous permissions and i know you don't need it if you use the file provider api. <signature>",negative,neutral,0.6520439386367798,0.03947944,0.65204394,0.30847663
there is no print option i can find.,neutral,neutral,0.6287904381752014,0.32465714,0.62879044,0.046552446
<url> the picture size on bbm group is too small sometime not clear. also incoming bbm call is not detected or not showed in galaxy gear s <number>,positive,neutral,0.7352831959724426,0.16349536,0.7352832,0.10122142
got stuck on trying to confirm my booking and i lost the accommodation. after that force crash. uninstall. htc desire,negative,negative,0.966448187828064,0.9664482,0.027015243,0.0065364907
please fix the radar,negative,neutral,0.44367024302482605,0.4432498,0.44367024,0.113079965
"good adjustment, bad storage",neutral,neutral,0.7328312397003174,0.042420562,0.73283124,0.22474818
coming from adobe this is absolute garbage. fails to open pdf files. it was only <number> kb. garbage.,negative,negative,0.9730626940727234,0.9730627,0.020922335,0.0060149794
after i updated the new bbm version always getting <url> sometime the messages pending without ceklis my friend send in the morning but the messages coming after <number> or <number> hour <url> i saw on the messages the time when he send me a messages and this made my planning <url> should i didn't upgraded <url>,negative,neutral,0.557275116443634,0.06866397,0.5572751,0.37406093
new update ruined the app,negative,negative,0.9672224521636963,0.96722245,0.025304198,0.007473374
a widget would be nice,positive,neutral,0.6266295909881592,0.016785674,0.6266296,0.35658464
there are ads now?,neutral,negative,0.6457973718643188,0.6457974,0.2999355,0.054267175
difficult when on vacation,positive,neutral,0.7888945937156677,0.09239535,0.7888946,0.11871007
notifications are bonkers. (will give <number> once fixed),negative,neutral,0.6784783005714417,0.14162454,0.6784783,0.17989722
can't add new locations,neutral,neutral,0.7702321410179138,0.1376325,0.77023214,0.09213538
nice tool for inter-team communication,positive,positive,0.9230763912200928,0.009592444,0.067331135,0.9230764
it's download video very fast and all other thing,positive,positive,0.8705354332923889,0.018628173,0.110836364,0.87053543
"veru useful app only when used with its <number> rd-party integrations, yet flock is much better alternative for having more free features.",positive,neutral,0.5348319411277771,0.024225349,0.53483194,0.4409427
doesn't <url> i'll go on other apps and the tree still <url> little i inventive to actually stay off the phone,negative,negative,0.6466394066810608,0.6466394,0.33176982,0.021590743
"when ever i update app,it won't work and i lost my all data many times",negative,negative,0.9604033827781677,0.9604034,0.033145223,0.006451392
doesn't work much! where's the <number> version???,negative,negative,0.9424611330032349,0.94246113,0.050163794,0.0073751383
nice app fast downloading,positive,positive,0.8928400278091431,0.008229017,0.09893098,0.89284
"the app is great, it's fun and helpful, tho when you click the home button, it doesn't die. you could fix that",positive,positive,0.8750127553939819,0.0116492305,0.11333801,0.87501276
"easy to use, always <url> when you book thrue them, they will charge you too much.",neutral,positive,0.8945980072021484,0.0108448155,0.09455718,0.894598
there is no jump to page option so you have to flip through every single page! its a big waste of time.,negative,negative,0.9676573276519775,0.9676573,0.026169557,0.006173093
great and easy to use,positive,positive,0.9113866686820984,0.021260807,0.067352474,0.91138667
"cloud subscription, no <signature>",negative,negative,0.9128350615501404,0.91283506,0.07490684,0.012258038
great app to focus!,positive,positive,0.8910738229751587,0.022510616,0.08641562,0.8910738
pay when you arrive. err no,neutral,negative,0.7301316261291504,0.7301316,0.24029575,0.029572666
great apps for great team,positive,positive,0.9113409519195557,0.021021295,0.0676378,0.91134095
i like the appl because it connect me to a lot of people in my office,positive,positive,0.8643039464950562,0.015707627,0.11998845,0.86430395
can't open my bbm after updated,negative,negative,0.9487278461456299,0.94872785,0.04469828,0.0065738894
cannot use for flash <url>,neutral,negative,0.6732193231582642,0.6732193,0.30186838,0.024912382
won't work with my text messages and have to start a new conversation to use it in messenger,neutral,negative,0.9613780379295349,0.96137804,0.03299219,0.0056297607
it crashes every time,positive,negative,0.9278809428215027,0.92788094,0.058413632,0.0137054315
great app for group family communication across multiple types of devices and countries,positive,positive,0.9172061681747437,0.022366308,0.06042747,0.91720617
it was great radar sucks now,negative,negative,0.9692642688751221,0.96926427,0.023902716,0.006832945
missing a tablet version,neutral,neutral,0.6547799110412598,0.21526498,0.6547799,0.12995514
the browser is used very fast connecting browser,positive,positive,0.6342092156410217,0.05771994,0.30807087,0.6342092
i want a etc wallet that's all i want to invest <url>,negative,neutral,0.4612213969230652,0.09620794,0.4612214,0.44257072
not so much but good,positive,neutral,0.7821736931800842,0.018591644,0.7821737,0.1992346
well the app is kinda <url>,positive,neutral,0.5641699433326721,0.03707189,0.56416994,0.39875814
the program is very slow and can be unresponsive. there is no bookmake setting. pages take a very long time to load even when zooming in and out.,negative,neutral,0.5886327028274536,0.3812317,0.5886327,0.030135646
totally invasive and inappropriate for development. it kept people talking for every detail for hours. kill innovation and efficiency. cannot replace skype so another chat cheater. a waist of time in communication. one good point if you can make your competitors to use it. they will collapse.,negative,negative,0.9680655002593994,0.9680655,0.025373973,0.0065605612
i love it. but i think it would be better to add angle correction as well is needed sometimes and i don't like having to use other apps to do this.,neutral,positive,0.8586228489875793,0.015551885,0.12582523,0.85862285
the emoticon not <url> :'(,neutral,neutral,0.6609216928482056,0.20526135,0.6609217,0.13381691
good app. had full version but they took it away. would like it back. radar not working. layers are not working. must be a weather bug.,neutral,negative,0.5687921047210693,0.5687921,0.3953723,0.035835553
can't import my booking? what's the point of getting this app? anyone?,negative,negative,0.8482040166854858,0.848204,0.13721326,0.014582692
"the app sometimes gets stuck on a certain temperature and you have to actually click on the app to get the correct temperature to pop up, but at least with this app i can actually get the <number> -day and hourly forecast pages to load which is something i can't get with accuweather. so i guess what i'm saying is it's probably the <signature>",positive,neutral,0.5503545999526978,0.028656827,0.5503546,0.42098862
"great, but occasionally crashes",positive,positive,0.6563601493835449,0.06512254,0.27851737,0.65636015
"crap, takes ages to loads and lags on all docs, standard pdf viewer much better",negative,negative,0.9302902817726135,0.9302903,0.060849693,0.008859981
it stops working frequently,neutral,negative,0.5201921463012695,0.52019215,0.40876526,0.07104258
like it more than most weather apps i've tried. would recommend!,positive,positive,0.8190918564796448,0.008032913,0.17287523,0.81909186
stupid trees. too much green. too cute. memory hog. deleted it.,negative,negative,0.9685624241828918,0.9685624,0.025254928,0.0061826687
plz add readout loud feature in application,positive,positive,0.6138070821762085,0.03262804,0.3535649,0.6138071
"give error, stuck onopening",negative,negative,0.9176538586616516,0.91765386,0.07225273,0.01009349
the radar map only shows past not current,neutral,negative,0.7744699716567993,0.77447,0.19380082,0.031729177
"the worst, the most bugged app that i've ever seen in my life! always crashing for no reason!",negative,negative,0.9712579250335693,0.9712579,0.021547172,0.0071948213
this does not work with my phone i exited the app for ages and my tree still grew.,negative,negative,0.9696043729782104,0.9696044,0.024212908,0.006182716
the application is too slow. sometimes it just wont select the options.,neutral,neutral,0.8598223328590393,0.07709821,0.85982233,0.063079506
useless doesn't open email attachments on lg optimus,negative,negative,0.9690130949020386,0.9690131,0.0253805,0.005606458
its a very good app,positive,positive,0.788345217704773,0.009522017,0.20213273,0.7883452
good up to date service,neutral,positive,0.6809847354888916,0.007993041,0.3110222,0.68098474
luv it but u should allow us <number> make more than one character then i'll give u <number>  's,neutral,neutral,0.7560519576072693,0.038048886,0.75605196,0.20589913
"app does what it has to do, but would it be possible to implement a harder way to cancel the growth of your tree? now it takes about <number> seconds. you could make another cancel button which you have to press for <number> minute without releasing it to unlock your phone. gives you time to think if you really need to unlock it. <signature>",neutral,neutral,0.7712507843971252,0.036898185,0.7712508,0.19185102
need full raw hdr for lg v <number> !!!,neutral,neutral,0.7682548761367798,0.057936303,0.7682549,0.17380884
it wont even let me log in!!!,negative,negative,0.9686121940612793,0.9686122,0.025050664,0.006337147
wouldn't search any locations.,negative,negative,0.9433161020278931,0.9433161,0.0481576,0.008526304
new version is not intuitive.,negative,neutral,0.548130452632904,0.34904,0.54813045,0.10282953
image previews don't work,positive,negative,0.8420029282569885,0.8420029,0.14144187,0.016555244
"its great, just too many ads",positive,positive,0.6756646633148193,0.050160546,0.27417475,0.67566466
radar has stopped working,negative,negative,0.8717879056930542,0.8717879,0.10108049,0.027131675
has been treating me well for years,positive,positive,0.5791612267494202,0.10489957,0.3159392,0.5791612
animated radar not working,negative,negative,0.9167763590812683,0.91677636,0.06881571,0.014407875
problems with internet connection s <number> edge,neutral,neutral,0.576637864112854,0.3623562,0.57663786,0.06100594
"another login and account needed, mediocre editing",negative,negative,0.5637214779853821,0.5637215,0.39677787,0.03950068
i need a tab for news language i don't want it to be default for the place i live in my native language may be different. please look into it,positive,neutral,0.7465459704399109,0.083217606,0.746546,0.1702364
"idea is nice, <url>",neutral,neutral,0.6657597422599792,0.017269975,0.66575974,0.31697023
useless and hang in itself,negative,negative,0.9709223508834839,0.97092235,0.021009631,0.008067957
lagging on nvidia shield tablet,neutral,neutral,0.6878322958946228,0.22845978,0.6878323,0.083707936
less taps &gt; more taps is not always true! this update clutters up the mobile app and looks horrible! bring back the drop down menu.,positive,negative,0.9493322372436523,0.94933224,0.043132246,0.007535511
great mobile app for a great platform,positive,positive,0.9003464579582214,0.02163321,0.07802038,0.90034646
easiest way to keep all my accommodation details with me when i travel.,positive,positive,0.858055055141449,0.008941117,0.13300385,0.85805506
"there is no way to search or jump to the pages i want. so, in a <number> page document, i have to page down until i get to where i want. very poor!",neutral,negative,0.9698622226715088,0.9698622,0.023482028,0.0066556777
crashes on z <number> compact,neutral,negative,0.61484694480896,0.61484694,0.32610288,0.059050187
"can't delete any of the pdf files! someone ,help mytouch <number> g",neutral,neutral,0.5865050554275513,0.058964882,0.58650506,0.35453007
somethings wrong with this app,positive,negative,0.6136499643325806,0.61364996,0.35667622,0.029673748
well organized app. offers better deals than the hotel itself.,positive,positive,0.9166331887245178,0.015133847,0.06823298,0.9166332
faster than other app,positive,positive,0.6486508250236511,0.03132436,0.32002485,0.6486508
"decent, but needs ability to define custom notification sound. the built-in ones are too quiet and the 'device default' is too general.",positive,neutral,0.5477986335754395,0.014088129,0.54779863,0.4381132
"if you have difficulties staying focussed, then this is definitely the app for you. as trivial as it sounds, there's a real sense of satisfaction in seeing your forest grow the more time you log. the only thing i would say which could be added is social email support or facebook integration, which i believe is already a feature on the ios version. some of my friends are using it too, and seeing their forests grow (perhaps even on some kind of map next to mine?) would add an element of healthy competition!",positive,positive,0.6746306419372559,0.015974056,0.3093953,0.67463064
would be better with out ads,positive,neutral,0.673658013343811,0.043009493,0.673658,0.28333247
<number> star 'coz why we have to request hd quality picture first? oh <url> nobody need bad quality picture. washing <url> another chat app more better !!,neutral,neutral,0.6140843629837036,0.17619129,0.61408436,0.20972435
"my screen goes off, but when i unlock my phone, my tree dies. makes the app pointless as it forces me to keep the screen on which is distracting. great concept though.",neutral,neutral,0.6929006576538086,0.038191546,0.69290066,0.26890782
it will be better if the apps allow users to listen music while studying or doing their things,positive,neutral,0.596201479434967,0.014302326,0.5962015,0.38949618
the app is free on android but why can't i use my new unlocked tree?!,negative,neutral,0.6801396608352661,0.17534666,0.68013966,0.14451371
"not ideal, but better than a few other ""freeware"" options there with lots of adds or crappy ui.",positive,neutral,0.8322885632514954,0.05746875,0.83228856,0.11024271
add break or pause option plz,positive,neutral,0.5047101378440857,0.0154626835,0.50471014,0.4798271
good effort <url> try to send correct notification of the news or story.,positive,positive,0.730083703994751,0.008718928,0.26119733,0.7300837
doesn't work keeps saying bad internet connection but all other apps work.,negative,negative,0.616291880607605,0.6162919,0.35683754,0.026870523
did not install this app. all i did was update my phone and it was there and i can delete it! very annoying!!!,negative,negative,0.9407694935798645,0.9407695,0.052067548,0.0071630594
last updates causing problems.,neutral,negative,0.49237242341041565,0.49237242,0.46816,0.039467547
"stupid app many many ads ,don't download this app",negative,negative,0.9718462824821472,0.9718463,0.022476438,0.0056772716
too much buz for nothing so special.,negative,neutral,0.6714600920677185,0.20312363,0.6714601,0.12541623
simple but effective app to end smartphone addiction,positive,positive,0.8381280303001404,0.009695075,0.15217695,0.83812803
technology at its <signature>,positive,positive,0.8361580967903137,0.033542644,0.13029924,0.8361581
"editing is all about precision, of which this isn't good at. trying to crop is like throwing stones at a picture frame on a wall and hoping it sticks. when you get it you accidently press another button and all the work is <url> still needs some refining",neutral,neutral,0.7911178469657898,0.03591923,0.79111785,0.1729629
used to love <url>,neutral,negative,0.8153529763221741,0.815353,0.16397522,0.020671802
bbm is really gud,positive,neutral,0.47254279255867004,0.2073841,0.4725428,0.32007316
still a good app,neutral,positive,0.5064054131507874,0.013848717,0.47974584,0.5064054
"looks nice but the live radar always zooms in to close, i like to see the entire area around my location.",positive,positive,0.8438658714294434,0.012180034,0.14395413,0.8438659
creeping permissions. no <signature>,negative,negative,0.9137593507766724,0.91375935,0.07301999,0.013220706
don't expect to be productive on the tube,negative,negative,0.532652735710144,0.53265274,0.43440655,0.03294075
huge apo. does not have move to sd card. standard reader v. good. uninstalling.,negative,negative,0.9444290995597839,0.9444291,0.046987697,0.008583278
too many push and price not clear,neutral,negative,0.6139556765556335,0.6139557,0.34776402,0.03828032
great app but updated the app but the bug is still there where the animation plays without accessing the app so you have to tap screen to gain access to home screen. that bug has been there forever please fix!,neutral,neutral,0.5885868668556213,0.21839114,0.58858687,0.19302203
like it but need better notification settings,positive,positive,0.6164848208427429,0.0154140545,0.3681011,0.6164848
being a motorcycling enthusiast i like to know where the rain is and what direction it's heading.,positive,positive,0.8559780716896057,0.025751993,0.11826996,0.8559781
radar no longer works,negative,negative,0.9714735746383667,0.9714736,0.021766707,0.006759772
why i cannot play my download video?,neutral,neutral,0.5008217096328735,0.4177716,0.5008217,0.08140672
as an alternative in contacting people,positive,positive,0.6688673496246338,0.016831037,0.3143016,0.66886735
crashes all the time tells you there is no memory even on sd card. won't let you use if you decline push notifications,negative,negative,0.9167478680610657,0.91674787,0.07482729,0.008424823
what's the point?,negative,negative,0.9081947207450867,0.9081947,0.07901972,0.012785546
"i used to really love this browser but now it's just annoying .when i download files sometimes it tells me ""file doesn't exist"" and i have to redownload ,plus it lags .",negative,neutral,0.6983961462974548,0.2577981,0.69839615,0.043805808
its good but i think it should add like fortnite emojis or other characters,positive,neutral,0.5615372657775879,0.009577337,0.56153727,0.42888543
its good but now a days it slow,neutral,neutral,0.6972059011459351,0.013344235,0.6972059,0.28944984
"the emojis you can make out of it are great! however, it would be nice to implement the character doing different kinds of sports. also the app didn't have my face shape, hairstyle, and the mouth was too big for me. basically i had to go with what i could find that looked the most like me, and a bunch of people still thought that the bitmoji looked nothing like me. something else i'd like to add is that maybe for the female character, put some outfits that are t-shirts and moderate shorts, not just short shorts. i couldn't find my usual attire because of that. overall, my bitmoji only looks a bit like me so if you guys can change the face, costumes, and facial features to let more people have an accurate character, it'd be great. <signature>",positive,positive,0.7823109030723572,0.012564543,0.20512457,0.7823109
throw this app to garbage,negative,negative,0.965997040271759,0.96599704,0.026464341,0.007538619
very nice and helpful <url> luving <url>,positive,positive,0.902850329875946,0.011601033,0.08554871,0.90285033
it will be better if there will be option to archive a chat,positive,neutral,0.6936643719673157,0.014034787,0.6936644,0.29230082
requesting to build a bigger forest!,positive,negative,0.6845312714576721,0.6845313,0.26856393,0.046904836
stop the stupid ads,negative,negative,0.807207465171814,0.80720747,0.15626234,0.0365302
spark lightening no longer working,neutral,negative,0.9128747582435608,0.91287476,0.07322069,0.013904526
"slowly slowly you are making it worst app but it's your app you can do anything after all you are communist. see i don't like your inbuilt pdf viewer,video viewer app so allow user to use apps like adobe pdf reader and mx <url> and the new problem is the facebook video is not working <url> earlier i have given <number> star rating but now you are decreasing quality <url>",negative,negative,0.7540815472602844,0.75408155,0.21348357,0.03243492
doesn't export my photos most of the time,neutral,negative,0.5101416707038879,0.5101417,0.45954943,0.030308902
still need to improve,positive,positive,0.5777405500411987,0.019325698,0.40293372,0.57774055
no philippine peso currency?,neutral,negative,0.7273600101470947,0.72736,0.23208392,0.04055601
"i downloaded this app specifically to merge photos together on my backpacking adventures whilst eliminating the need for a laptop. sadly, it does not have the function to merge photos for panoramic or hdr.",neutral,neutral,0.5490545034408569,0.40374264,0.5490545,0.04720287
"pretty effective but i just noticed it doesn't pick up the usage of one of my most distracting apps (bacon reader for reddit). i was on it and thought oh no my tree! opened up to find it wasn't triggered. double checked my white list etc, everything was proper. if it doesn't block that it becomes pretty useless in my eyes",positive,neutral,0.6290196180343628,0.04576887,0.6290196,0.32521147
"awesome app. it would be sooo useful to have one button access to the lastest posts accross all channels and all workgroups, i find im spending much time digging around for the latest posts.",positive,positive,0.8615586757659912,0.013322069,0.12511928,0.8615587
its good and so easy to use,positive,positive,0.8002678751945496,0.0074113216,0.1923208,0.8002679
this isn't as good as it's siblings,negative,neutral,0.6951642036437988,0.2463719,0.6951642,0.05846388
app is good service,neutral,positive,0.5837448835372925,0.012001301,0.40425384,0.5837449
app thinks i am a man :'),negative,neutral,0.5501824617385864,0.24181321,0.55018246,0.2080043
will not work correctly. i tryed to set the map in motion and it will not move!,negative,negative,0.9634667038917542,0.9634667,0.030163055,0.0063702664
super cute but kind of difficult to use on the spot.,positive,positive,0.748076319694519,0.016904743,0.23501894,0.7480763
"nice, but couldn't find night mode.",positive,positive,0.5225773453712463,0.012305856,0.46511686,0.52257735
"insanely unreliable - wont let me accept invites to other workspaces nor will this application even show me the invite - login inconsistency, i can auto-login with the app but when i type my password in non-app login screens it wont work. its the same password i use for other applications and i successfully login each time.",negative,negative,0.9534041285514832,0.9534041,0.040293436,0.0063025113
cant search without creating an account! they need your email so the can sell it to spammers! unistall!,negative,negative,0.9702606797218323,0.9702607,0.023894567,0.0058447695
only good not <signature>,neutral,neutral,0.7283670902252197,0.019625356,0.7283671,0.25200754
it is a waste app and waste of time. it is only useful for downloading the movies,positive,negative,0.9662005305290222,0.96620053,0.02759298,0.0062064524
it's fast and i can always use it to download,positive,positive,0.8559698462486267,0.014742221,0.12928791,0.85596985
have to use and see,neutral,negative,0.7011938691139221,0.70119387,0.26810512,0.03070099
good but some issues,positive,neutral,0.561911940574646,0.011599968,0.56191194,0.42648807
plz see sex movies it's nice in this,neutral,positive,0.5943260192871094,0.01852059,0.38715342,0.594326
wont open. it always crashes and my phone reports it having multiple errors in <number> week,negative,negative,0.9633104801177979,0.9633105,0.030181484,0.006507991
fcs on a <number> page pdf. really?! even on my stock evo that's awesome? this reminds me of flash player on my laptop- always causing problems. adobe = crap,negative,negative,0.5077212452888489,0.50772125,0.4308627,0.061416008
"the worst app ever can't download a single <url> my downloads have been ""unsuccessful""",negative,negative,0.9738458395004272,0.97384584,0.01929219,0.006861906
needs text search and in-document link support.,neutral,neutral,0.7339870929718018,0.021012545,0.7339871,0.24500033
it's a great app. love it and good job,neutral,positive,0.9016501903533936,0.021571554,0.07677825,0.9016502
"sometimes wonky when on wifi, but that could be internet connection issue. also wants to have high accuracy location on which will drain your phone quickly.",neutral,neutral,0.7138951420783997,0.035605256,0.71389514,0.25049955
why am i now seeing ads? lame!,negative,negative,0.9324479699134827,0.93244797,0.058065053,0.00948699
you had one job,positive,negative,0.7993170619010925,0.79931706,0.1617659,0.038917046
"it would be nice if there was an option to record voice messages.    nuisance: when i press 'backwards' in my android, i am thrown out of the app, instead of going backwards to the messages list.    nuisance: i don't see a list of last messaged people in chronological order but randomly. this drives me <url>",neutral,neutral,0.7704111337661743,0.019740202,0.77041113,0.20984866
not replacement for the desktop app,neutral,neutral,0.6830723285675049,0.14004543,0.6830723,0.1768822
great app to communicate with family and friends.,positive,positive,0.920962393283844,0.01866131,0.0603763,0.9209624
best chat application ever,neutral,positive,0.8730977773666382,0.025876753,0.10102547,0.8730978
good app bt needs new features,neutral,neutral,0.5601077675819397,0.012231468,0.56010777,0.42766076
it requires access permission n i dont know from where to turn on so can u plz tell m!!,neutral,negative,0.8678264021873474,0.8678264,0.12093647,0.011237106
uffff!!!! plzz don't downloaded this,negative,negative,0.926450788974762,0.9264508,0.06458409,0.008965145
good <url> lacks some essential features,positive,neutral,0.7216423749923706,0.012581543,0.7216424,0.2657761
"the app is ok but the camera should no have any sound when you take photos, that problem is quite annoying",neutral,neutral,0.8438531756401062,0.036257662,0.8438532,0.119889036
installation corrupts gmail db on n <number> android <number> . <number>,negative,negative,0.8995069861412048,0.899507,0.08911674,0.011376267
i think it's a great start app!,positive,positive,0.8251275420188904,0.017818438,0.15705402,0.82512754
radar has been freezing and not moving for last month. deleted it after all this time. pos!!!,negative,negative,0.9647139310836792,0.96471393,0.02911138,0.006174757
ok till it goes wrong,neutral,neutral,0.8015975952148438,0.023656603,0.8015976,0.17474581
i rely on weatherbug every day.,positive,positive,0.8433110117912292,0.026804151,0.12988481,0.843311
"love this app, especially the lightening strike tracker.",positive,positive,0.8984320759773254,0.028302046,0.07326589,0.8984321
there's still more to it.,positive,neutral,0.5160225033760071,0.06420893,0.5160225,0.41976854
very basic and subscription based,negative,positive,0.654151976108551,0.08499492,0.26085308,0.654152
no words great app,positive,negative,0.6760563254356384,0.6760563,0.2717976,0.05214616
"im not use as well, i think it is bad application, i dont like.",negative,negative,0.7566030025482178,0.756603,0.22524239,0.018154621
keeps saying photos not found whwn trying to send/ attach to people. using a note <number> <url> its not <url> it <url> pwrfect for what application i needed it for. will try again when i get new phone in a couple weeks.,negative,negative,0.7471728324890137,0.74717283,0.23496693,0.017860202
helpful for book reading,positive,positive,0.8906980156898499,0.008709201,0.10059276,0.890698
sometimes slow but yet efficient.,positive,positive,0.6796571016311646,0.012847599,0.30749527,0.6796571
for some reason the keyboard doesn't work on my phone. and i can't do couple's bitmojis with my wife. but it's fun to use with her anyhow,positive,positive,0.5931249856948853,0.011051557,0.39582342,0.593125
make anoying bc different ring with chat ring,neutral,positive,0.6827305555343628,0.050869647,0.26639977,0.68273056
"please make the browser application sync-able with android phones. i was able to sync a few days ago, but now it only syncs with an ios account.",positive,neutral,0.7764855623245239,0.10929656,0.77648556,0.11421787
great app. would have been a <number> if avatar could be edited,neutral,positive,0.7363774180412292,0.053953983,0.20966858,0.7363774
poor cousin to the desktop app,neutral,negative,0.8368180990219116,0.8368181,0.14434178,0.018840073
i get notification for update but i can't update my bbm. please fix it.,neutral,neutral,0.7874664664268494,0.07730504,0.78746647,0.13522846
it wont let me download its saying it is but not getting it,negative,negative,0.9010148048400879,0.9010148,0.08903911,0.009946078
force closed zenfone <number>,negative,negative,0.9023162722587585,0.9023163,0.07565431,0.022029437
cloud service only idea bites,negative,neutral,0.5989285111427307,0.17043109,0.5989285,0.23064044
i can't sign <url> :'(,neutral,negative,0.5436286926269531,0.5436287,0.4003708,0.05600055
horrible for one reason,negative,negative,0.9538372755050659,0.9538373,0.036538184,0.009624599
<salutation> opening unwanted liks,negative,negative,0.800822377204895,0.8008224,0.16868727,0.030490303
won't let me end chat,negative,negative,0.8701850175857544,0.870185,0.116857015,0.012957944
"nice, but flow could be better.",positive,positive,0.49662134051322937,0.010290861,0.49308774,0.49662134
it just froze up a few days <url> doesn't work at all when i click on it,negative,negative,0.9417304396629333,0.94173044,0.051199358,0.007070253
the news which displays on the welcome page is very annoying and vulgar have to be very careful when giving it to the children's at home to surf the internet and we had to use other browser in front of others as your front page containt all the vulgarity in news most of the people don't know how to disable news. the option should be visible on the front screen itself,negative,negative,0.6437285542488098,0.64372855,0.32217008,0.03410143
seems impossible to make a review,neutral,neutral,0.8531296253204346,0.07405069,0.8531296,0.072819665
reflow doesn't let you move from what's on the screen. no option to go to specific pages directly (really? scroll through a <number> + page book everytime?),neutral,neutral,0.5805248022079468,0.38086653,0.5805248,0.038608678
low score due to the lack of a dark theme/night mode in <number> !,neutral,negative,0.6880091428756714,0.68800914,0.28295925,0.029031586
"no floating head, why",negative,neutral,0.6167992353439331,0.28871527,0.61679924,0.0944855
bad on sms blocking,neutral,negative,0.8088943362236023,0.80889434,0.17216036,0.018945362
hated the new update,negative,negative,0.9524045586585999,0.95240456,0.039368734,0.008226653
i find it a bit odd that the app doesn't automatically open a file. i have to go to the app and open the file from there.,positive,neutral,0.7319517135620117,0.016360233,0.7319517,0.2516881
the weather people are always wrong they suck,negative,negative,0.4720388352870941,0.47203884,0.45491642,0.07304469
"no ""go to page"" feature? really?",neutral,negative,0.770300567150116,0.77030057,0.20589608,0.023803322
caused ipad safari to stop working,negative,negative,0.8471386432647705,0.84713864,0.12482334,0.02803809
it's a good app to communicate with team instantly,positive,positive,0.8232191205024719,0.0071862284,0.16959468,0.8232191
garbage. worthless app. i hope someone comes up with one better and more organized for people use. makes no sense. cant navigate. not worth the headache.,negative,negative,0.972467839717865,0.97246784,0.020656124,0.00687602
good but seems to be a battery drainer on lollipop,neutral,neutral,0.6854103803634644,0.013234713,0.6854104,0.30135491
like the funny <url>,positive,positive,0.6889004707336426,0.014262938,0.2968366,0.6889005
"useless app, doesn't work as described",negative,negative,0.9731682538986206,0.97316825,0.0205596,0.0062721157
pdf viewer works much smoother and loads faster,negative,neutral,0.5138525366783142,0.04617389,0.51385254,0.43997356
awesome app with awful ux,neutral,neutral,0.4334399998188019,0.4138717,0.43344,0.15268828
<salutation> why most of the time. when i finish downloading video and going to play it. it says failed to open its not like this before using old version.,negative,neutral,0.5706773996353149,0.3557991,0.5706774,0.07352349
couldn't get edited photos out of lightroom!,negative,negative,0.9148217439651489,0.91482174,0.074244775,0.010933398
the update sucks!!! i lost all the trees i previously unlocked.,negative,negative,0.969556450843811,0.96955645,0.024552776,0.0058907936
the cancellations are confusing and the will double charge,neutral,neutral,0.7852036952972412,0.11109605,0.7852037,0.10370027
"great, but eset is going off",positive,positive,0.6544118523597717,0.03884779,0.30674034,0.65441185
it is too slow app.,negative,neutral,0.5183111429214478,0.43488246,0.51831114,0.04680635
good & need more development options,neutral,positive,0.6446343660354614,0.008329989,0.34703562,0.64463437
browsing fast but before download its doing re direct and suggest an other app.,positive,neutral,0.8129675388336182,0.06790352,0.81296754,0.11912892
please fix as soon as <url> cannot send message n dont have received feeds,negative,neutral,0.6223911643028259,0.29711616,0.62239116,0.08049272
too many ads dude,negative,negative,0.6978451013565063,0.6978451,0.25719404,0.04496093
through this app i get amazing deals,positive,positive,0.8917685151100159,0.034307342,0.07392407,0.8917685
very helpful & useful for media <url>,positive,positive,0.9144331216812134,0.011311001,0.07425587,0.9144331
very helpful the apps,positive,positive,0.9124079942703247,0.012038572,0.07555347,0.912408
update screwed the app over,negative,negative,0.9574464559555054,0.95744646,0.034845103,0.0077084308
i love the variety of fashion styles this app offers. really digging on the poses & emotion statements. emoji id me. a ok,positive,positive,0.9109308123588562,0.021742275,0.06732694,0.9109308
except advertising everything is fine,positive,neutral,0.5861256718635559,0.017125769,0.5861257,0.39674863
does what it's meant to do,positive,neutral,0.7814510464668274,0.07862588,0.78145105,0.13992311
it's bad browsing with opera,positive,neutral,0.7025536894798279,0.23758256,0.7025537,0.05986372
storm warnings are behind. weather warnings just seams to be behind,neutral,neutral,0.6131422519683838,0.22142252,0.61314225,0.16543517
not really but they had an annoying notification getting me to rate the app so,negative,neutral,0.7700862288475037,0.067955695,0.7700862,0.161958
was better before they started messing with it. but still a bit of silly fun,neutral,neutral,0.6710813641548157,0.047888078,0.67108136,0.28103057
can no longer save locations.,neutral,negative,0.6375564932823181,0.6375565,0.32586685,0.03657663
"i use to like this app. but now the radar animation don't work,and i use to like that. i see it doesn't work for other people either sence the upgrade.",negative,negative,0.5285807847976685,0.5285808,0.4202035,0.051215746
it works but thats it,neutral,neutral,0.7512925863265991,0.057877786,0.7512926,0.19082965
"next update have any problems after i'm updates its say bbm not responding, and refresh page is take a long time, maybe <number> minutes, why the hell??",neutral,negative,0.53016197681427,0.530162,0.42244998,0.04738807
"just downloaded it, and haven't had the chance to use it much.",positive,negative,0.7740011811256409,0.7740012,0.20522933,0.020769432
inferior to the ios version.,neutral,neutral,0.6880090236663818,0.25294176,0.688009,0.0590492
"this app just simply doesnt care if i have allowed the data access or not. despite completely stopping the access to mobile data and wifi, it still runs in the background, connects with the internet and receives the texts. extremely intrusive and not something to have installed on your phone. if this is how it behaves, then it can't be trusted. uninstalled.",negative,negative,0.9663830399513245,0.96638304,0.027799668,0.005817246
quick booking. many options.,positive,positive,0.8995205163955688,0.008658378,0.09182112,0.8995205
can't jump to pages. up arrow disappears. at least make it optional for up arrow to stay visible all the time. just plain out aggregating to use.,negative,neutral,0.5886042714118958,0.36142284,0.5886043,0.049972862
very lag and make my phone so slow,negative,neutral,0.5641689896583557,0.38761556,0.564169,0.048215494
useful and stable application <signature>,positive,positive,0.9085659980773926,0.0106629925,0.080770984,0.908566
overall a good app fast downloading and <signature>,positive,positive,0.8999324440956116,0.0077876053,0.09227993,0.89993244
good place to work in groups,positive,positive,0.6480157375335693,0.011428121,0.34055614,0.64801574
good application. but needs some improvement,positive,positive,0.593169093132019,0.008040213,0.3987907,0.5931691
good app but to much fake news and add,negative,positive,0.5007756352424622,0.014888945,0.4843354,0.50077564
cool idea with severe (ironic) bug,positive,neutral,0.7055350542068481,0.089239806,0.70553505,0.2052251
this app are clearing all data,neutral,negative,0.9524610042572021,0.952461,0.038475122,0.009063791
good for a waytomake moneyon the side,neutral,neutral,0.5468630790710449,0.013379274,0.5468631,0.4397577
it is very nice app,neutral,positive,0.8511689305305481,0.010542319,0.13828868,0.85116893
"best editing software. ui is easy , but please remove the trial",positive,neutral,0.4935119152069092,0.0153126605,0.49351192,0.4911754
not visible in app tray!,positive,negative,0.7005692720413208,0.7005693,0.2693872,0.030043507
the only thing i would do different is make this available on facebook i can't access it for my posts. had to uninstall and reinstall as it stopped working.,neutral,neutral,0.4052138030529022,0.30040416,0.4052138,0.294382
"would have been a perfect app excet for the fact that you cant insert the icon into your current text, but have to start a new one(text) <url> , and with every icon!",neutral,neutral,0.5208715200424194,0.024178633,0.5208715,0.4549498
some issues in confirming the booking.,neutral,neutral,0.5687338709831238,0.014606475,0.5687339,0.41665965
pls also cover news of intl. importance,neutral,positive,0.6963354349136353,0.08598584,0.21767873,0.69633543
very easy to navigate,positive,positive,0.9075120091438293,0.015876565,0.07661144,0.907512
won't stop shutting down. reported several times,negative,negative,0.8103682398796082,0.81036824,0.16420618,0.0254255
easy and very helpful,positive,positive,0.9202753305435181,0.011985586,0.06773906,0.92027533
"there is a problem, at least in this version, each time i try to view an already downloaded city guide while i'm online, always displays the search page for hotels <url>",neutral,neutral,0.8276650309562683,0.071014754,0.82766503,0.10132011
i am just downloading the app after completion i'll increase or decrease the rating based on the app performance,neutral,negative,0.5099371075630188,0.5099371,0.44927505,0.0407878
"notif now okay, ads still not ok",positive,negative,0.6423462629318237,0.64234626,0.32905,0.028603796
"great app, too bad i'm on android.",positive,positive,0.5885427594184875,0.069394246,0.34206304,0.58854276
"it's is very effective app , but it takes too much time in opening",neutral,positive,0.6382090449333191,0.010719705,0.35107127,0.63820904
same bad it is good for search and for download but it is no to much good when i open uc browser on it home sreen or default and not save language option for my side not good,neutral,neutral,0.8197966814041138,0.11071607,0.8197967,0.06948725
not good for me,negative,negative,0.6271599531173706,0.62715995,0.33301735,0.039822668
it's good for few days later it is not working well,neutral,neutral,0.80757737159729,0.013374386,0.8075774,0.17904826
"keeps crashing. really looked fwd to checking it out, but crashes all the time. the few times it worked the timer got messed <url> work it out!",neutral,negative,0.9077514410018921,0.90775144,0.08238481,0.009863778
the worst - yet the only <url> ckck,negative,negative,0.9266133308410645,0.92661333,0.05452284,0.01886383
i love this app!it really helped me! devs keep on fixing and constantly improving on the app. worth any all in app purchases (which are very cheap btw). just missing a widget! &lt;/ <number>,negative,positive,0.8067457675933838,0.04852015,0.14473405,0.80674577
my bbm very slow .. what happen ??,negative,negative,0.7516683340072632,0.75166833,0.22823647,0.020095179
i like booking in my computer,neutral,positive,0.7932795286178589,0.019195212,0.1875253,0.7932795
i like this app,positive,positive,0.7630398273468018,0.028169554,0.20879067,0.7630398
can't do or find anything on the app,negative,negative,0.8328560590744019,0.83285606,0.15525544,0.011888498
why open raw files ?,positive,neutral,0.5753406286239624,0.22373004,0.5753406,0.20092931
"all but useless in europe. slow to update and most features just don't work here at all. added a daily weather report, great! oh wait, it describes only one <url>",negative,neutral,0.5066708922386169,0.3707738,0.5066709,0.12255526
something very wrong with the app,negative,negative,0.770021378993988,0.7700214,0.20451932,0.025459304
iterate this app more then ads,negative,neutral,0.4737159311771393,0.45672154,0.47371593,0.06956252
old seen should not repeat please,neutral,negative,0.48832839727401733,0.4883284,0.41637784,0.0952937
great app for traveling,positive,positive,0.8884492516517639,0.027316587,0.08423416,0.88844925
was so great <url> but <url>,negative,neutral,0.5366609692573547,0.27909607,0.53666097,0.18424296
it's a nice app,positive,positive,0.7346864938735962,0.00788827,0.2574252,0.7346865
i love this service,positive,positive,0.6598150730133057,0.15342197,0.18676299,0.6598151
larry delaney like it,neutral,positive,0.5549847483634949,0.07043041,0.37458482,0.55498475
not working with google messenger,neutral,negative,0.8848541975021362,0.8848542,0.10025569,0.01489005
"i am enjoying the app very much, it was recommended by my nephew and it is everything that he said it would be!!",positive,positive,0.8962593078613281,0.020889096,0.08285155,0.8962593
really only works with small documents and even then runs into freezes on motorola droid. no page jump which for books is necessary,negative,neutral,0.734180748462677,0.11807803,0.73418075,0.14774127
"i used to really love this app until it started killing my trees just for receiving a notification that i hadn't opened yet. advanced detection is not on. may as well turn the phone off, but i use it for music.",negative,neutral,0.6756051182746887,0.1435616,0.6756051,0.18083318
crashes immediately after startup - can't use it!,negative,negative,0.9660511016845703,0.9660511,0.02720323,0.0067456276
can't login to bbm,negative,negative,0.8551485538482666,0.85514855,0.13165557,0.013195869
an very much useful application,positive,positive,0.8923911452293396,0.011342786,0.09626602,0.89239115
works great except a few things,positive,positive,0.7977128624916077,0.016897326,0.18538988,0.79771286
"<salutation> awful interface lacking any true customisation, yet another chat app that brings nothing new to the table and steals ideas from discord, an exercise in reinventing the wheel which hasn't been updated in years and crashes all the time. also i wouldn't trust this app if you value your privacy. avoid like the plague.",negative,negative,0.9626237750053406,0.9626238,0.031115953,0.0062603103
good for editing bad for storage,neutral,neutral,0.5991292595863342,0.022344142,0.59912926,0.3785265
"it's <url> only downside is can't make just any emotion, but overall great",positive,positive,0.8759880661964417,0.009047569,0.114964366,0.87598807
used to work . please fix,negative,negative,0.8193535208702087,0.8193535,0.15993316,0.02071321
it would be great if there's a feature where i can sort my files in folders because it is irritating to find a certain file in my sea of different subjects.,positive,neutral,0.5414155125617981,0.013069509,0.5414155,0.44551498
one thing that uc devs definitely do is to remove ads and news <url> page is annoying if we want to read then will go in news site,negative,neutral,0.6342045664787292,0.22146122,0.63420457,0.14433423
nice to be back,positive,positive,0.673466145992279,0.019742263,0.30679157,0.67346615
"in all, we have to check this.",neutral,positive,0.6546001434326172,0.03604262,0.30935723,0.65460014
freezes on some files,neutral,neutral,0.7423574328422546,0.1374588,0.74235743,0.12018373
cannot save progress without spending money.,negative,negative,0.8639489412307739,0.86394894,0.120696366,0.015354696
greatly helpful. i like it,positive,positive,0.9239499568939209,0.0140909115,0.061959106,0.92394996
can't even spell sydney right,negative,negative,0.957423746585846,0.95742375,0.03593355,0.0066426974
can't even create an account,negative,negative,0.9700128436088562,0.97001284,0.02376324,0.0062238616
nice app but you put extra features in this app but app is good,neutral,positive,0.7008275389671326,0.010469915,0.28870255,0.70082754
"good, but better without all those ads like other free messengers such as whatsapp, telegram, etc",neutral,neutral,0.5383096933364868,0.012693978,0.5383097,0.44899637
wow. useless. hated it. <number> stars. (if i <url> ),negative,negative,0.9702901840209961,0.9702902,0.02283472,0.006875035
"bloated, glorified chat. i use it because my company obliges me to do so.",negative,negative,0.6694473028182983,0.6694473,0.27313972,0.057412967
it dors ansolutely nothing. wastef my time!,negative,negative,0.9611741304397583,0.96117413,0.03221841,0.0066073695
superb editing in this,neutral,positive,0.899023175239563,0.01502708,0.08594978,0.8990232
"generally very good & helpful, with some good prices. free cancellation option is extremely useful.",positive,positive,0.9148001670837402,0.008755389,0.076444454,0.91480017
"the ""i'm listening to"" <url>",positive,positive,0.4395991265773773,0.1445703,0.4158306,0.43959913
"solid app, but lacking in the tablet ux area",positive,neutral,0.8426833748817444,0.05666053,0.8426834,0.100656144
let people to create more characters,neutral,positive,0.6569616794586182,0.025292084,0.31774625,0.6569617
app is good brower is so fast but news section in uc brower is the worst thing in the world,neutral,neutral,0.6680821776390076,0.19867086,0.6680822,0.13324691
"it is good easy to use , but why i have to download opera browser to download any videos from uc browser please fix this problem .",neutral,neutral,0.7157379984855652,0.0134790335,0.715738,0.27078298
it worked better before the <url> anything posted is hard to see and get to.,neutral,neutral,0.5305551290512085,0.40179804,0.5305551,0.06764682
can't apply for instagram. please updated,neutral,negative,0.8777748346328735,0.87777483,0.11205627,0.010168886
image size goes from <number> mb to <number> kb else fine.,neutral,neutral,0.7680212259292603,0.055928655,0.7680212,0.17605016
please enable apps <number> sd immediately. <signature>,negative,neutral,0.6716868281364441,0.09472301,0.6716868,0.23359014
like the app but the don't update rainfall very often.,positive,neutral,0.5323010087013245,0.025707936,0.532301,0.44199103
i liked <url> the size of this app is <url> is better,positive,positive,0.7258805632591248,0.024643093,0.2494764,0.72588056
this app is extremely bloated. for the functionality provided it should fit within <number> mb without issues.,negative,negative,0.5672203302383423,0.56722033,0.39714867,0.035631042
half assed. uninstall! droid ally,negative,negative,0.9694921970367432,0.9694922,0.02356624,0.006941479
quite nice - would be useful to edit posts from mobile,positive,positive,0.82330721616745,0.0076088007,0.16908401,0.8233072
app <number> f. temp <number> f,negative,neutral,0.5896390080451965,0.30296874,0.589639,0.10739228
too many update it's annoying,neutral,neutral,0.7992531657218933,0.12243089,0.79925317,0.07831602
not responding to phone calls or emails. no customer service at all.,negative,negative,0.9303485751152039,0.9303486,0.061121915,0.00852948
thanks for fixing the problem,negative,positive,0.7898813486099243,0.012526405,0.19759227,0.78988135
room rate at times is misleading subject to additional charges,neutral,neutral,0.6565608978271484,0.2708214,0.6565609,0.072617754
access to files/photos/media,negative,neutral,0.6458482146263123,0.0978538,0.6458482,0.25629804
"best messaging app, not so great for file sharing though",positive,positive,0.6070153117179871,0.0138769,0.37910774,0.6070153
they want to much access,neutral,negative,0.6897814869880676,0.6897815,0.2632555,0.046962965
"would love more clothing choices, glasses and skin tones.",neutral,positive,0.897287905216217,0.0104166055,0.092295535,0.8972879
line freecall is better than bbm freecall,neutral,neutral,0.5966923832893372,0.055177163,0.5966924,0.34813043
this app very nice & use very easy,neutral,positive,0.9211894273757935,0.0136906905,0.065119885,0.9211894
make the dp full hd,neutral,neutral,0.5613842606544495,0.0633265,0.56138426,0.37528926
good if it doesn't has annoying news banners,positive,neutral,0.7398054599761963,0.018841244,0.73980546,0.24135329
please make the lite variant of this app for smartphones with less storage.,negative,neutral,0.5486657619476318,0.04434555,0.54866576,0.4069887
age group <number> to <number> years old,negative,neutral,0.5845664143562317,0.17851566,0.5845664,0.23691794
takes a lot of space,negative,neutral,0.7468127012252808,0.16072117,0.7468127,0.09246616
trible app. ui is horrible.,negative,negative,0.9292276501655579,0.92922765,0.05854166,0.012230709
loved the app very much,positive,neutral,0.4275625944137573,0.30266708,0.4275626,0.26977026
this bbm is not working on my galaxy s <number> edge why,neutral,negative,0.947325587272644,0.9473256,0.045008667,0.007665682
it's great <url>,neutral,positive,0.8127076029777527,0.032612327,0.15468004,0.8127076
where is option for timer,negative,neutral,0.7086141109466553,0.038023505,0.7086141,0.2533624
well not. so good work but. some what.,neutral,neutral,0.8291530609130859,0.040539656,0.82915306,0.13030723
this could be great <url>,neutral,neutral,0.5863587856292725,0.087237254,0.5863588,0.32640395
take too much space or ram to run,neutral,neutral,0.7068522572517395,0.23188306,0.70685226,0.06126471
very useful. ive used the app many times in the last few years. hv even referred others by telling them directly. wish full address address of property could be included even before booking. thats my only complaint.,positive,positive,0.8524614572525024,0.01159159,0.13594697,0.85246146
i love it but she doesn't look like me after making so many changes!!,positive,positive,0.6883341670036316,0.058772836,0.25289303,0.68833417
"it's ok, but since it appears to have basic reflow why can't we have white text on black background to save battery?",neutral,neutral,0.8392008543014526,0.013137032,0.83920085,0.14766216
great!!! amazing tool for textbooks in pdf <url> i use it on my lenovo tab <number> <number> plus and it works awesome. most of my medical textbooks converted in pdf run absolutely fine with this app.,positive,positive,0.9162933826446533,0.019142149,0.064564474,0.9162934
bothering me for a rating,neutral,negative,0.48096445202827454,0.48096445,0.47320747,0.045828126
it works great until you need to use another app. even when i whitelist apps my tree still withers,neutral,neutral,0.5816506743431091,0.048393987,0.5816507,0.3699553
good weather overview. occasionally buggy (no pun intended).,positive,positive,0.7179067730903625,0.008457887,0.27363536,0.7179068
when it works is great,neutral,neutral,0.6125251650810242,0.23047279,0.61252517,0.15700197
radar map doesnt work at all since last update. please fix and get <number> stars,negative,negative,0.9581933617591858,0.95819336,0.034951754,0.0068549584
"how do i use on facebook,?",negative,neutral,0.5201570987701416,0.23619805,0.5201571,0.24364485
used to be my favorite app,negative,negative,0.7636921405792236,0.76369214,0.20955254,0.026755346
its all good except for one thing.,neutral,neutral,0.6827466487884521,0.010604964,0.68274665,0.3066484
to good to be true,positive,neutral,0.5006497502326965,0.051071394,0.50064975,0.44827884
this app is useful for me,positive,positive,0.850673496723175,0.008991752,0.14033471,0.8506735
"only worked for a day, then the app would never open and kept saying there was a error. uninstalled the re-installed <number> times never worked again",negative,negative,0.9616499543190002,0.96164995,0.03137704,0.0069730347
not able to open pdf's downloaded to sd <url>,negative,negative,0.705998420715332,0.7059984,0.26333958,0.030662052
slow and crashes dinc v <number> . <number>,negative,negative,0.6458039879798889,0.645804,0.32566303,0.028533053
"easy to use, fairly accurate!",positive,positive,0.9280966520309448,0.010250623,0.061652724,0.92809665
its a usefull app for informal office communication.,positive,positive,0.9008504152297974,0.009324152,0.089825444,0.9008504
"facebook face detection doesn't work, so you have to start from scratch. also not enough selection to choose from.",neutral,negative,0.7787685394287109,0.77876854,0.20534265,0.0158888
more than one and add more stuff. (stuff to make the avatar),neutral,positive,0.8511602282524109,0.013864563,0.13497525,0.8511602
i can't play it that sucks,negative,negative,0.8798660635948181,0.87986606,0.105971165,0.0141627
crashes during import htc one m <number>,negative,negative,0.8746882677078247,0.87468827,0.1081087,0.01720301
does exactly what it says. i like it.,positive,positive,0.7833530306816101,0.010680043,0.20596692,0.78335303
i think this app is good,positive,positive,0.6521559953689575,0.0096481675,0.33819583,0.652156
great app. free cancellation should be indicated per hotel before booking.,positive,positive,0.829350471496582,0.037388656,0.13326092,0.8293505
"it's great for pdf, i only wish it supported other book formats like epub or mobi",positive,positive,0.8772783875465393,0.010184496,0.11253705,0.8772784
"stopped working and deleted everything after a week, pretty poor i'd say",negative,negative,0.8896937966346741,0.8896938,0.09863338,0.0116728535
"a couple days ago, started telling me it can't attatch the emoji to my texts, that just stinks! i have a galaxys <number>",negative,negative,0.7988598346710205,0.79885983,0.18006276,0.021077443
overall very useful app. i only don't like the fact that also sold-out hotels are shown. can be quite frustrating.,positive,positive,0.7850039005279541,0.008957906,0.20603824,0.7850039
works well. it could have been better if approximate dates were allowed in search form.,positive,positive,0.5339666604995728,0.010434322,0.45559904,0.53396666
still not as good as it could be!,neutral,neutral,0.7812986373901367,0.071563326,0.78129864,0.14713795
for more information about this review go to <url>,negative,neutral,0.5403224229812622,0.11331932,0.5403224,0.34635827
its been <number> years im using uc browser i gave a feedback that in uc browser we can't download videos directly to sd <url> have given a feedback about this past <number> years back but still uc team have not sloved my <url> service i request google team to please remove this uc browser from google <url> dnt need this kind of careless team ..,negative,negative,0.960513710975647,0.9605137,0.033164404,0.006321857
awesome app to find any <url> it,positive,positive,0.8509511947631836,0.02165806,0.12739073,0.8509512
ok permissions fix. i've updated and given back two of the four stars i'd dropped.,neutral,neutral,0.8307583928108215,0.04753797,0.8307584,0.12170357
i love the idea but can we get a weekly forest too?? that would be quite motivating!,neutral,positive,0.824783980846405,0.014933176,0.16028284,0.824784
it's very good for edit photos and make photos and make a design of any things,positive,positive,0.9059202671051025,0.009588403,0.084491275,0.90592027
"i really love the lightroom software for laptops and other devices, but i don't find the app really convincing when compared to the software as you just miss so many options in the app",neutral,positive,0.56228107213974,0.035628345,0.40209058,0.5622811
"latest version is <number> . <number> . <number> , last updated on <number> th september <number> . uninstalled as abandoned. desktop is already at <number> . <number> .",negative,negative,0.963586688041687,0.9635867,0.028936299,0.0074770707
just click the back button and my tree will still <url> and i don't think i have the whitelist edit- i think your tree only dies when you open another app that isn't on your whitelist or else the list is <url> am i wrong?,positive,negative,0.6791366338729858,0.67913663,0.2915072,0.029356113
adobe products are awsome,positive,neutral,0.5327752232551575,0.2269861,0.5327752,0.24023868
latest update fails to install with 'unknown reason - <number> ',neutral,negative,0.8801092505455017,0.88010925,0.105995096,0.0138956485
"the app syncs messages too slowly and marking messages as ""read"" is buggy.",neutral,neutral,0.864481508731842,0.037798252,0.8644815,0.09772028
"great service, terrible app. the app doesn't seem work with mobile internet which makes it mostly useless.",negative,negative,0.9624902606010437,0.96249026,0.03054263,0.006967092
now <number> % harder to use,negative,negative,0.7615272402763367,0.76152724,0.20893028,0.029542472
marginal but still better than others i have tried.,neutral,neutral,0.6455183029174805,0.04090584,0.6455183,0.3135758
the app doesn't provide multiple tabs at a time. it would be great if its possible.,positive,neutral,0.6783255338668823,0.019219823,0.67832553,0.30245456
good app and uesfull,negative,positive,0.6658284664154053,0.010399543,0.32377198,0.66582847
only hate the <url>,positive,positive,0.545443058013916,0.13770235,0.3168546,0.54544306
"i was using it every day and i think it was brilliant, even upgraded to paid version but since last update i haven't been able to access it at all as it keeps crashing. please fix it.",neutral,neutral,0.618617594242096,0.16052258,0.6186176,0.22085983
wont work for saml integration,neutral,negative,0.9499853253364563,0.9499853,0.042953692,0.00706091
good but ads are annoying,neutral,neutral,0.5751043558120728,0.015651856,0.57510436,0.4092438
"app works fine, but it is very disappointing that there is no possibility to just use the map to find available accommodation. you always have to fill a place to search, but mostly i just want to browse and see what's available, regardless of the location.",neutral,neutral,0.7462194561958313,0.014938828,0.74621946,0.23884173
worst app and if it is install u r phone become a virus attack,negative,negative,0.9701395034790039,0.9701395,0.023462357,0.0063981987
not what i'd expect from the creators,neutral,negative,0.8227801322937012,0.82278013,0.15813597,0.019083908
"won't leave my facebook, like a <url>",negative,negative,0.915955662727356,0.91595566,0.075377375,0.008666902
ads is an inconvenient thing so far,positive,negative,0.486798495054245,0.4867985,0.4779004,0.035301115
"i like the interface , it's really good. for me, i feel it would be nice to have a look up option when we right-click on words . it's functionality is to link up words to our dictionary apps. <signature>",positive,positive,0.8712247014045715,0.0077807778,0.120994546,0.8712247
good but many <url>,positive,neutral,0.6672438383102417,0.01799914,0.66724384,0.31475705
requires photos to be imported into lightroom. i know this has how the desktop version but wish the mobile version was faster and easier to use.,neutral,neutral,0.8254029154777527,0.07693248,0.8254029,0.0976646
miss tabs to move between open docs. otherwise is fab.,positive,neutral,0.8090430498123169,0.07711874,0.80904305,0.113838226
"they stole from me i wanted a refund and because the manager of the hotel i chose treated me indifferently all because i wasn't <number> and so i emailed their "" <number> hour customer service"" and never got helped. lost $ <number> . don't use this app it is a trap.",negative,negative,0.9711776375770569,0.97117764,0.022914775,0.005907519
my ag fans love the photos i do,positive,positive,0.8686731457710266,0.043955036,0.08737183,0.86867315
this app would be perfectly awesome if it worked with the keyboard on my tablet so that i could use it in facebook when i <url> without white backgrounds,neutral,positive,0.6659493446350098,0.025511092,0.3085396,0.66594934
"why my friends can retract or delete their messages, while i can't? i don't know what bb phone or android they have.",neutral,neutral,0.5670215487480164,0.3496452,0.56702155,0.08333323
it sucks non free things to choose from,negative,negative,0.961948037147522,0.96194804,0.03228989,0.0057620797
this is very good app for downloading,positive,positive,0.874352216720581,0.011931679,0.1137161,0.8743522
not accurate information all the time,neutral,neutral,0.611799418926239,0.32640862,0.6117994,0.0617919
cannot show my reserved bookings,negative,negative,0.5259538888931274,0.5259539,0.44422927,0.029816873
i love this app,positive,positive,0.47761744260787964,0.25104922,0.27133334,0.47761744
my company forces me to use this app.,neutral,negative,0.9641467332839966,0.96414673,0.029509535,0.0063437247
it's hard to cancel a booking when <url> to use,neutral,neutral,0.8031941652297974,0.07927319,0.80319417,0.11753265
won't open email attachments,negative,negative,0.9546248316764832,0.95462483,0.039113548,0.006261588
couldn't find a better suited search app. compliments to the team. trivago couldn't find these many options.,positive,neutral,0.6057937741279602,0.2496949,0.6057938,0.14451139
"simple to use, don't seem to be able to see complete booking information",positive,positive,0.8419362902641296,0.0128442645,0.14521942,0.8419363
absolutely one of the <signature>,positive,positive,0.913184642791748,0.020563137,0.06625226,0.91318464
i like the reading mode specially. but sometimes it crashes.,positive,positive,0.7263036370277405,0.016685812,0.25701055,0.72630364
sounds and digital mixer cansol,positive,positive,0.7400594353675842,0.05003191,0.20990868,0.74005944
"lacks a lot of basic features such as bookmarks and ""goto page"". thinkoffice does a better job.",negative,neutral,0.8498401641845703,0.08124517,0.84984016,0.06891477
much better than asana,positive,positive,0.7398420572280884,0.04377177,0.21638621,0.73984206
better on my windows phone,negative,neutral,0.4961254894733429,0.07520919,0.4961255,0.4286653
it's good but always show on screen when i switch on my home screen,neutral,neutral,0.5183095335960388,0.013005196,0.51830953,0.4686853
this app is my go to when i need to know about the weather.,positive,positive,0.8732497096061707,0.029134031,0.09761624,0.8732497
"okay but not great, and not really improving",neutral,neutral,0.8485497832298279,0.034365118,0.8485498,0.11708513
it should have pause option,neutral,neutral,0.7677885890007019,0.03526447,0.7677886,0.19694693
"all is good in this app except i couldn't see any hdr option while clicking photos, may be since i use oneplus one, which also has high processing power and advanced chipset enough to support this app. so they should support many more devices like this! hope the support arrives in next update itself.",neutral,neutral,0.5564565062522888,0.010406407,0.5564565,0.4331371
"professional app , useful for office purpose , easily connect to office by mobile but too much heavy unable to send messages on slow network.",positive,positive,0.8946927785873413,0.012431082,0.09287614,0.8946928
update is not starting after clicking on update button,negative,negative,0.5659912824630737,0.5659913,0.39435768,0.039651036
hate it since the update,negative,negative,0.9342806339263916,0.93428063,0.056956794,0.008762586
tired of getting ripped off.,negative,neutral,0.532413899898529,0.40246376,0.5324139,0.06512232
had to sleep in the truck!,negative,negative,0.9177911281585693,0.9177911,0.07109521,0.011113642
radar stopped working. i would've given <number> star rating if it worked.,negative,negative,0.8541046977043152,0.8541047,0.12129595,0.024599373
worst experience in goa,negative,negative,0.9638179540634155,0.96381795,0.028179342,0.008002716
like it because it syncs better,positive,positive,0.8286421298980713,0.014017831,0.15734005,0.82864213
i can connect to my friends.,positive,positive,0.8897312879562378,0.01971888,0.09054985,0.8897313
i love this app,negative,positive,0.47761744260787964,0.25104922,0.27133334,0.47761744
fantastic app for downloading and easy to use,positive,positive,0.9127109050750732,0.011736528,0.07555262,0.9127109
"unable to change alert sound. not in options. unable to enable alerts per channel, on all or keywords and direct. closer to a beta than an app.",negative,negative,0.8336735367774963,0.83367354,0.15048291,0.015843572
so much fun! makes people laugh.,positive,positive,0.7935039401054382,0.041469947,0.16502604,0.79350394
similar to all other photo editing apps. doesn't stand out from ythe rest.,neutral,neutral,0.7203740477561951,0.04484251,0.72037405,0.23478346
the quality of display picture is so bad,neutral,neutral,0.5126354098320007,0.44337115,0.5126354,0.04399343
this app is very fast,neutral,positive,0.8741399645805359,0.026679581,0.09918047,0.87413996
dear friends do not install this browser. this browser is pathrtic <url> will ads and ads on this .really annoying,negative,negative,0.9134894013404846,0.9134894,0.07754744,0.008963105
please fix so i can type!,negative,neutral,0.662681519985199,0.046990234,0.6626815,0.2903282
able to provide sufficent info regarding hotel that want to be rent,positive,positive,0.711047351360321,0.021500302,0.2674524,0.71104735
they make you pay to create an account!! this is outrageous.,negative,negative,0.969722330570221,0.96972233,0.02390297,0.0063747503
"it's a great concept for assosiating a reward to focus for those of us who struggle; however, my tree withers when someone phones me and i don't answer which is obviously a piss off.",positive,positive,0.7908822298049927,0.02024768,0.1888701,0.79088223
really a very good app,positive,positive,0.8636857867240906,0.019031333,0.1172829,0.8636858
awesome app! it will be better if you sync all your timers on your phones and chrome/mozilla extension. because i have to start to plant on my <number> phones and my browers when i'm working when you can do it just once and all your timers will start automatically. i hope you do it!,positive,positive,0.8900065422058105,0.01715813,0.09283529,0.89000654
this app is very nice,positive,positive,0.8631998300552368,0.013019392,0.12378075,0.86319983
"this app is super cute! my only complaint is that there is no piercing section! i have <number> piercings and would really like to at least have a nose ring! or maybe earrings? also think you should be able to customize outfits, like pick a shirt, bottoms, and shoes! instead of just the premade outfits.",positive,positive,0.9050366282463074,0.015167464,0.07979593,0.9050366
"app is okay but has superfluous things that i will never use. including every option is okay but the ideal app would allow for complete customization of components and page information that is pertinent to the user and where they are located. additionally, collecting metrics on what users actually use versus what is weak allows for improved development of the weaker app areas. that said, i have used this app for a long time with little cause for complaint.",neutral,positive,0.5325077176094055,0.014105979,0.4533863,0.5325077
could you please add an option for exporting photos using the png format? it would be very handy.,neutral,positive,0.6563135385513306,0.008675211,0.3350112,0.65631354
i like the reflow feature. but useless for me as i can't search nor skip to a specific page (have to scroll through entire books),negative,neutral,0.5838043093681335,0.05753483,0.5838043,0.35866088
"simple yet effective. would be great if the app had more customisation options like moving the plants around, changing the colour etc.",positive,positive,0.8512372970581055,0.0074548656,0.14130788,0.8512373
uc brouser is <signature>,positive,positive,0.5883850455284119,0.11699141,0.29462355,0.58838505
not starting since last update. please see to it. i gave <number> star so you can quickly check my issue. my phone is note <number> neo n <number>,positive,neutral,0.5003637671470642,0.42802072,0.50036377,0.07161547
doesn't work properly on nova launcher,neutral,negative,0.9326019287109375,0.9326019,0.059214458,0.008183559
"useful, informative and helpful <signature>",positive,positive,0.9243847131729126,0.011638866,0.0639765,0.9243847
still no floating head!! disappointed,negative,negative,0.6897563934326172,0.6897564,0.27125376,0.038989905
this app sucks now,negative,negative,0.9733169674873352,0.97331697,0.020509468,0.0061736405
it can't find my photos,negative,negative,0.8486786484718323,0.84867865,0.13542846,0.015892837
what happened to my little shortcut!? or used to stay open in all my messaging <url> now it's gone!!,negative,negative,0.8769785165786743,0.8769785,0.102194086,0.020827455
stable and functional but not totally user friendly.,neutral,neutral,0.5854642391204834,0.015259665,0.58546424,0.39927614
this is good <url>  downloading movies but many. ads are come in between browsing,neutral,neutral,0.6720571517944336,0.019146759,0.67205715,0.30879608
i don't like the company not the app,negative,neutral,0.6539685726165771,0.25706884,0.6539686,0.088962555
"great app but would love to have better clothing styles. maybe peacoats, pencil skirts etc. <signature>",positive,positive,0.8993589878082275,0.016507776,0.084133215,0.899359
radar map will not move. it hasn't been accurate either.,negative,negative,0.9560545682907104,0.95605457,0.037124105,0.006821317
"simplistic, designed to exceed expectations and overcome limitations.",positive,positive,0.6504373550415039,0.031169217,0.31839344,0.65043736
<url> sometimes it's gone <url> hate slow,neutral,neutral,0.4661901593208313,0.4197225,0.46619016,0.11408738
"i would use it more but i dont like that it has to start a new message, would be better if it would just add to the convo on the screen",neutral,neutral,0.7639639973640442,0.032676637,0.763964,0.20335934
very bad app. it is forcing to instal. i think it is a virus.,negative,negative,0.9711554646492004,0.97115546,0.02287543,0.005969134
better if no trial period and unlimited use for free,positive,neutral,0.5254787802696228,0.015480323,0.5254788,0.4590409
great but needs presets access,neutral,positive,0.794773519039154,0.030139856,0.1750866,0.7947735
each time it simply keeps saying that my phone has <url> disgusting,negative,negative,0.7896603941917419,0.7896604,0.1850196,0.02531998
keeps documents in line. i really like this application!,positive,positive,0.793328046798706,0.032784007,0.173888,0.79332805
anyone video download stop and very slow download,negative,negative,0.7639845609664917,0.76398456,0.21779025,0.018225214
used to work but no longer does. writing this review while my is growing :/,neutral,negative,0.6529574394226074,0.65295744,0.31163263,0.035409924
limited options but fun,neutral,neutral,0.5592600703239441,0.01797279,0.5592601,0.4227672
would give better but have'nt used much yet,negative,neutral,0.6864219307899475,0.035460547,0.68642193,0.27811754
"app ok, but temp doesn't update in notification bar",neutral,neutral,0.8742230534553528,0.025329215,0.87422305,0.10044772
no way to redeem tickets.,neutral,negative,0.9650121927261353,0.9650122,0.028174806,0.0068130014
"silly app , it would let me open google while it will kill the plant if i open calculator or dictionary",negative,negative,0.8715733885765076,0.8715734,0.11350206,0.014924563
"wow, such a pos!",negative,positive,0.812782347202301,0.03230331,0.15491433,0.81278235
is a great app but since the update a couple of days ago i can't get radar to work. tried uninstalling and reinstalling but doesn't work.,positive,neutral,0.6680516600608826,0.2518313,0.66805166,0.08011702
"i hate start up with system, i don't use it frequently",negative,negative,0.9112322330474854,0.91123223,0.0782026,0.010565258
push notifications not working,negative,negative,0.6080506443977356,0.60805064,0.35361427,0.038335133
good combination with acrobat reader. it's quite clear,positive,positive,0.8573002815246582,0.00694606,0.13575368,0.8573003
nice. update it to be more digital. very clear,positive,positive,0.8007726669311523,0.009799731,0.1894276,0.80077267
nice but sometimes hanging,positive,positive,0.6675997972488403,0.016295383,0.31610483,0.6675998
still getting to know it,positive,neutral,0.5203037261962891,0.13553499,0.5203037,0.34416124
i use it for reading articles and it's fine. would be useful to be able to open two articles at once for cross reference but otherwise happy with the app,positive,positive,0.8571387529373169,0.0072031985,0.13565804,0.85713875
its better than others,neutral,positive,0.637932538986206,0.018419016,0.34364846,0.63793254
does not work. in play store not listed as trial .come on adobe you stop down loads from your services now products do not work and listed as free we hen really a trial,negative,negative,0.9714321494102478,0.97143215,0.022633554,0.0059342114
almost a good editor,positive,positive,0.6216511726379395,0.014498643,0.36385015,0.6216512
not able to download new <url>,neutral,negative,0.7033005952835083,0.7033006,0.2638108,0.032888543
"so i create a pdf using an adobe program, then send it to my phone to see what it looks like, but it won't open! pretty lame if you ask me.",negative,neutral,0.6074841618537903,0.34199768,0.60748416,0.05051821
sometime can't change display picture at asus zenfone <number> . please fix,negative,neutral,0.6934130191802979,0.031805534,0.693413,0.27478147
really nice concept but on android it just keeps hanging and eventually crashing.,negative,neutral,0.6959406137466431,0.079012886,0.6959406,0.22504643
doesn't work on my phone. always error,negative,negative,0.9474274516105652,0.94742745,0.046358455,0.006214038
slackbot opens every time i start to type a reply in the app. started happening with the last update (note <number> ). why can't we disable slackbot? <number> star until we get this ability.,negative,negative,0.5814674496650696,0.58146745,0.36752695,0.05100564
"complex app that covers all sorts of things related to travelling, maybe too many",positive,positive,0.8657576441764832,0.014754263,0.1194881,0.86575764
great and more awesome,positive,positive,0.878953218460083,0.036081955,0.08496488,0.8789532
not what i asked for,negative,negative,0.890877902507782,0.8908779,0.09399389,0.015128162
i wish you would show canadian maps,neutral,positive,0.5101565718650818,0.04213129,0.44771212,0.5101566
you don't allow to take in-app screenshots?,neutral,negative,0.7804370522499084,0.78043705,0.19633763,0.023225348
how about date birth,negative,neutral,0.5200431942939758,0.11209136,0.5200432,0.3678654
"works great, other then not being able to delete content directly from phone.",neutral,neutral,0.5270189046859741,0.020596627,0.5270189,0.45238456
can't copy/paste or add keyboard to android,negative,neutral,0.760685920715332,0.17728153,0.7606859,0.062032524
can't even create a account tried more than <number> times,negative,negative,0.97014981508255,0.9701498,0.024280306,0.005569911
fast and good but missing features.,neutral,positive,0.6086642146110535,0.013816347,0.37751937,0.6086642
cannot get rid of floating head in my messages and it's driving me mad. i've had to uninstall the app to get rid of it &gt;:-/,negative,negative,0.9116259813308716,0.911626,0.07942815,0.0089458795
"love this app. i use it to study, but i answered a phone call and it wilted my tree. i can't really help when i receive phone calls. this one had to be answered and now i have to look at a wilted tree in my beautiful forest. i am upsetti spaghetti since i'm a perfectionist",positive,positive,0.8204219937324524,0.03974574,0.13983224,0.820422
this app is slowly work,neutral,neutral,0.5658891201019287,0.2772245,0.5658891,0.15688641
no instructions on how to delete files/pages viewed.,neutral,neutral,0.6818934679031372,0.25796044,0.68189347,0.06014611
it helps a lot.,positive,positive,0.8316998481750488,0.011422684,0.15687746,0.83169985
"need to improve performance, usablity, and <url>",neutral,neutral,0.4990139305591583,0.025606725,0.49901393,0.4753793
multiple image share option is missing,neutral,neutral,0.6347764134407043,0.04213101,0.6347764,0.32309258
"i like the functions, but",neutral,positive,0.5479613542556763,0.016538402,0.43550026,0.54796135
why don't you just block us all?! =d =d =d,negative,negative,0.6360912322998047,0.63609123,0.31844282,0.045465987
easy to find hotel,neutral,positive,0.8470060229301453,0.017833186,0.13516082,0.847006
"if unexpected crashes negleted, it is so far the <signature>",positive,positive,0.6725009083747864,0.029704958,0.29779413,0.6725009
used to love it,negative,negative,0.8398992419242859,0.83989924,0.14155069,0.01855005
"i love this app but with the latest update it died when i used a white listed app, and when i checked my whitelist i couldn't scroll through or change anything which was weird. plz fix this and add more trees!",positive,positive,0.7059956789016724,0.0424153,0.251589,0.7059957
very good mobile phone photo editor,positive,positive,0.8857895731925964,0.011968775,0.10224164,0.8857896
keeps telling u to turn on the access then brings u to the settings page and even aft you check all the boxes doesnt take you back to the app. and continues to keep popping up disrupting phone usage. app doesnt work properly,negative,negative,0.9509236216545105,0.9509236,0.04248951,0.0065867794
app is faster but stucks mobile pleas fix it up,positive,neutral,0.7476525902748108,0.115852125,0.7476526,0.13649534
"should have ""seen"" feature",neutral,neutral,0.7483158111572266,0.047017224,0.7483158,0.204667
"can not zoom in or out, plis fix",neutral,neutral,0.5449167490005493,0.41967228,0.54491675,0.035410915
nice idea and interface but finding friends doesn't work on android,neutral,neutral,0.7863037586212158,0.043669578,0.78630376,0.1700266
white list is so frustrating!,negative,negative,0.7411402463912964,0.74114025,0.23660502,0.022254651
need <url> saving to gallery issue adding photo issue,neutral,neutral,0.8119216561317444,0.09125868,0.81192166,0.09681964
the live doppler doesn't work since i updated,negative,negative,0.699018657207489,0.69901866,0.2755529,0.025428543
very ugly and difficult to use platform. i do not suggest it. very bad,negative,negative,0.9548438787460327,0.9548439,0.038357813,0.0067983163
recent update be unstable and loading so late,neutral,neutral,0.5723857879638672,0.37634587,0.5723858,0.051268313
would give <number> stars if you blocked the facebook messenger bubble as well,positive,neutral,0.6239827871322632,0.038905088,0.6239828,0.33711216
it's a good overall weather app. do miss the traffic cam.,positive,positive,0.8064870238304138,0.0069572674,0.18655568,0.806487
really hard to navigate.,neutral,negative,0.8523621559143066,0.85236216,0.13428584,0.013352024
they don't refund difference if room is cheaper,negative,neutral,0.558685302734375,0.35863295,0.5586853,0.08268176
"works most of the time. freezes sometimes while trying to open a document, but just restart the app and it's good to go.",positive,neutral,0.5573770403862,0.015658729,0.55737704,0.42696425
my friend show me it on tumbler it's amazing <signature>,positive,positive,0.8987283110618591,0.018345136,0.082926504,0.8987283
would of gave it <number> stars if i could. i just figured out that this app was using <number> % of my battery life and i never even use the app. sucks really bad.,negative,negative,0.8961111903190613,0.8961112,0.09028919,0.013599602
"you ruined the icon, we said ok. now you are ruining the background color too. stop changing, no one was complaining!",neutral,negative,0.8507237434387207,0.85072374,0.1314624,0.017813915
should have been a <number> star but why's the android version lacking local adjustments that the ios version has. i can understand that there may be delays among platforms but it's already <number> months behind!,neutral,neutral,0.7756378650665283,0.10327662,0.77563787,0.12108553
nothing i want from this app,negative,negative,0.9517662525177002,0.95176625,0.040885855,0.0073478995
so great until today,negative,neutral,0.511222779750824,0.3642544,0.5112228,0.12452284
it would be nice if it had it on like whatsapp for android but you have to download another app to access that <url> yeah but it's good,positive,neutral,0.6379207372665405,0.010425978,0.63792074,0.35165328
high quality images turns into low quality,neutral,negative,0.4735686779022217,0.47356868,0.46018735,0.066244036
"it doesnt work, the screen flashes on and off and it wont open",negative,negative,0.9643864035606384,0.9643864,0.02925648,0.006357167
no retract in options,neutral,neutral,0.7477046847343445,0.15041868,0.7477047,0.10187662
last position read somewhat flawed,neutral,neutral,0.6934236288070679,0.1427888,0.6934236,0.1637876
get <number> days free trial. nice. to try it i need to be able to access photos that store to my sd card. i do that so i have room on my phones internal drive. waste of time,negative,negative,0.9491769075393677,0.9491769,0.042340465,0.008482687
does not support to open pwd protected document,neutral,negative,0.8405698537826538,0.84056985,0.14315131,0.016278794
got rid of the irc gateway. this was why we used slack. uninstalled.,negative,negative,0.967003345489502,0.96700335,0.024890395,0.00810633
more theme and customization <url>,positive,positive,0.876792311668396,0.01787529,0.10533236,0.8767923
some items don't work!,neutral,neutral,0.7011765241622925,0.20220795,0.7011765,0.09661551
map animation still has bug.,negative,neutral,0.7236661911010742,0.17309119,0.7236662,0.10324265
"ignores some files, loads a few others",neutral,neutral,0.632341742515564,0.3277832,0.63234174,0.03987514
it's not as good as it used to be,neutral,neutral,0.7611134648323059,0.17358878,0.76111346,0.06529778
"good, but needs things",positive,neutral,0.6226682662963867,0.011605668,0.62266827,0.3657261
not working properly on samsung galaxy a <number> .,negative,negative,0.9166598320007324,0.91665983,0.07214649,0.01119372
views pdfs better then stock app but it doesn't see pdf's on sd card,negative,neutral,0.8056171536445618,0.09414873,0.80561715,0.10023407
no way to get rid of ads on terrible screen layout.,negative,negative,0.9654329419136047,0.96543294,0.028200721,0.0063663633
required an account. i want an app to edit pictures on my phone. the online storage and synchronization should be an optional feature; not a requirement.,negative,neutral,0.7802976369857788,0.15816195,0.78029764,0.061540324
ok with local weather love the thunder part of the app,positive,positive,0.7879502177238464,0.014013347,0.19803642,0.7879502
trivago the tru app,neutral,neutral,0.46625784039497375,0.27121133,0.46625784,0.26253086
add a floating notification,positive,neutral,0.6468291878700256,0.054038335,0.6468292,0.29913253
why i can not share video on bbm group; too many update but no significant effect,negative,neutral,0.760265052318573,0.15709232,0.76026505,0.08264269
limited options for search,negative,neutral,0.782180905342102,0.0258458,0.7821809,0.19197325
good for messaging not for calls,neutral,neutral,0.7881638407707214,0.033332355,0.78816384,0.17850378
"it's available when i need it and it's more accurate than other weather apps i've tried. update(jan <number> ) <url> recent california winter has been crazy, and frankly this app has let me down with inaccurate forecasts for most of it. comparatively, the google now app is more accurate. maybe the sensors in my area are just bad. when it's fixed, i revisit my review.",neutral,neutral,0.5887086391448975,0.03423667,0.58870864,0.37705475
you could add a bit more features. birthmarks scars moles etc,positive,positive,0.5473321080207825,0.013227903,0.43943998,0.5473321
i am using it before <number> years,positive,neutral,0.47336509823799133,0.3084918,0.4733651,0.21814308
like many sites if you visit a chosen hotel more than once or twice the price rises!,neutral,positive,0.8653827905654907,0.013202938,0.121414244,0.8653828
amazing experience so far with this. iam being familiar with it.,positive,positive,0.9062348008155823,0.017255865,0.07650929,0.9062348
doesn't save properly half the time and definitely could use some more filters.,negative,neutral,0.7409486174583435,0.0433492,0.7409486,0.21570219
why is the iphone app so much better!,negative,neutral,0.4845201075077057,0.45187142,0.4845201,0.06360851
"browser not opening sites, it just ideal.",negative,neutral,0.8193584084510803,0.06357621,0.8193584,0.117065385
"continuous crashing, won't even open now.",negative,negative,0.9672173261642456,0.9672173,0.026334714,0.006447965
they forced me to rate them so i docked a star.,neutral,negative,0.9626540541648865,0.96265405,0.029813703,0.007532262
lame. doesnt work for samsung intercept,negative,negative,0.9502712488174438,0.95027125,0.043047626,0.006681149
of mice and man,negative,negative,0.5863144397735596,0.58631444,0.28539827,0.12828735
only thing missing is custom notification,positive,positive,0.8007922768592834,0.022335075,0.17687269,0.8007923
video cant open after click tha video,negative,negative,0.9126567840576172,0.9126568,0.07667991,0.010663299
weather animation has stopped and will not start. has been off nearly <number> weeks.,negative,negative,0.9324390888214111,0.9324391,0.059151966,0.008408926
"i just came here because this app was featured on silicon valley, looks like a great app with an attractive interface.",positive,positive,0.863081693649292,0.029352577,0.10756568,0.8630817
it's okay except for i have a lg phone and it doesn't work that well with the lg phone,positive,neutral,0.8669815063476562,0.01561177,0.8669815,0.11740673
cannot open or detect image file imported from nikon <number> j <number> camera which has .jpeg <url> i had to convert it first or use another photo app editing and save <url> so lightroom could detect the file <url>,neutral,neutral,0.5590514540672302,0.4006406,0.55905145,0.040307976
having trouble downloading the app,negative,neutral,0.6795604228973389,0.23760039,0.6795604,0.08283921
i can't sent it through my messages to my contacts. only through facebook and that is absolutely ridiculous. this app sucks,negative,negative,0.9674033522605896,0.96740335,0.027196378,0.0054002595
very quickly reservation done.,positive,positive,0.871103823184967,0.036187917,0.09270821,0.8711038
<salutation> please give setting to turn it off,negative,neutral,0.4847467243671417,0.11307075,0.48474672,0.40218252
fantastic app to track lighting! the rest of the app is the same as any other really. but in fairness i do not use the rest of the app.,positive,positive,0.7315957546234131,0.01416949,0.25423473,0.73159575
service is good but app is not much android oriented,neutral,neutral,0.83890300989151,0.034516603,0.838903,0.12658034
this app is better,neutral,positive,0.4556509256362915,0.103441186,0.44090796,0.45565093
the improvement are a lot better but it would be nice to be able to send large mp <number> or mp <number> files via bbm.,positive,neutral,0.5136796236038208,0.013471176,0.5136796,0.47284925
viuggg hang with my life in your help me a lot and then you have any attachments may contain information contained herein including attachments if it would love the way i will have been sent me a new one day i was thinking about my life in your,positive,positive,0.5204235315322876,0.03427749,0.445299,0.52042353
can't get to work for motorola droid,negative,negative,0.9410619139671326,0.9410619,0.05217847,0.0067596226
bad for the aap is hanging,neutral,negative,0.8222309947013855,0.822231,0.1589439,0.018825047
its really <url> though remove the trial days remaining,positive,neutral,0.6867640614509583,0.07170352,0.68676406,0.24153244
horrible radar. constant storm alerts with no storms around,negative,negative,0.9632680416107178,0.96326804,0.02914129,0.007590608
cool idea pain da butt to use then at times wont work <url>,negative,neutral,0.7553605437278748,0.108394764,0.75536054,0.13624474
new update v <number> . <number> crashes all the time,positive,negative,0.9434942007064819,0.9434942,0.04695376,0.009551964
"it's okay (at least, freebies now included) <url>",neutral,neutral,0.7556072473526001,0.011904046,0.75560725,0.23248878
only <number> stars since it will not let me delete any files. please fix.,neutral,neutral,0.5405651330947876,0.05220454,0.54056513,0.40723032
does what it is supposed to do and does it well.,positive,positive,0.700121283531189,0.023178976,0.27669978,0.7001213
"very useful, but has a few annoyances",positive,positive,0.7769891023635864,0.011583309,0.2114276,0.7769891
can't download <url>,negative,negative,0.7749505043029785,0.7749505,0.20920317,0.015846387
"generally a good pdf viewer. i love the reading mode that reflow text and adjust font for better reading experience. the only problem, or i should call it a bug, is that it seems like this mode hates to see <number> letters ""f"" & ""i"" being together. for words like ""find"", ""first"", ""prefix"", etc. you will see only ""nd"", ""rst"", ""prex"", etc.",positive,positive,0.8825436234474182,0.010397179,0.10705918,0.8825436
no support for paid ad-free version,neutral,negative,0.8903490900993347,0.8903491,0.0980046,0.011646333
i like this app,positive,positive,0.763039767742157,0.028169557,0.20879067,0.76303977
used to use it for studying but after reacent update it won't open. please fix,neutral,negative,0.7182424068450928,0.7182424,0.25247824,0.029279383
last update is a disaster,negative,negative,0.939347505569458,0.9393475,0.04707086,0.013581642
would be better if emoji's didn't disappear when new ones are added,neutral,neutral,0.6906101703643799,0.01547772,0.6906102,0.29391205
good for basic stuff,neutral,positive,0.5618579983711243,0.010859663,0.42728233,0.561858
fun but android needs more options!!,neutral,positive,0.5971943140029907,0.0146034155,0.38820222,0.5971943
"the usual mediocre bare bone pdf reader from adobe, totally lacking in functionality. repligo reader is better",negative,neutral,0.6328826546669006,0.3136242,0.63288265,0.053493205
stays open in background,negative,neutral,0.7422595620155334,0.15064569,0.74225956,0.10709477
it's actually helpful.,positive,neutral,0.49635323882102966,0.01343516,0.49635324,0.4902116
good enough and satisfied result <url> its quite good aap,neutral,positive,0.6900222897529602,0.008089092,0.3018886,0.6900223
why songs are not downloading from the websites. there is always showing error. whenever i download some song. pls fix this bugg,neutral,neutral,0.6237167119979858,0.32032084,0.6237167,0.055962376
booking is simple and straight forward.,positive,positive,0.7672376036643982,0.017604325,0.21515802,0.7672376
"a really good and practical app, however like every other app it still has room for improvement!",positive,positive,0.8721842765808105,0.008318417,0.11949736,0.8721843
excellent pdf viewer rendered unusable by the inability to jump to a page and by the fact that it doesn't remember where you were or bookmarks.,negative,positive,0.6617825627326965,0.017936558,0.3202809,0.66178256
good site but still faceing issue with hotel even we confirm through app,positive,neutral,0.5908729434013367,0.016475279,0.59087294,0.39265177
it took forever to download,neutral,neutral,0.46284207701683044,0.4499085,0.46284208,0.08724949
i've started using the lightroom camera to take all my photos in raw (dng) and i've noticed today that while out at <number> : <number> on <number> / <number> / <number> and taking pictures the time and date stamp on the images says <number> : <number> <number> / <number> / <number> . what's all that about? i can't change it so where does it get it's info from? also the preview does not show the correct colour. it does when using the slider but as soon as i let it go the image reverts back to a almost black and white.,neutral,neutral,0.7645002603530884,0.15736796,0.76450026,0.0781319
it's cute for younger people but i use it some. i'm <number> yrs old.,positive,positive,0.7591594457626343,0.012085398,0.22875515,0.75915945
"i had login throught google + <url> but i changed my mind and wanted to login through <url> so, i logged out !!! now, i cannot login back. the app is going back to registration page with the option to login to facebook !!! please look into the solution for this !",neutral,negative,0.8967999219894409,0.8967999,0.09151751,0.01168254
please could we have the option to install to sd card. what is the point in having a large sd card if it doesn't even get used,negative,neutral,0.7861003875732422,0.043825008,0.7861004,0.17007454
wont open at all,negative,negative,0.8777316808700562,0.8777317,0.10865634,0.01361197
good stickers allow users to express better. how come i cannot use bbm calls?,neutral,positive,0.6366608142852783,0.009223774,0.3541154,0.6366608
why pr have no radar????,negative,negative,0.5369069576263428,0.53690696,0.37776932,0.08532367
before it can connect even the signal is weak now it needs more signal to connect,neutral,neutral,0.6577605605125427,0.27738476,0.65776056,0.06485465
radar maps are all wrong,negative,negative,0.8583412766456604,0.8583413,0.121383354,0.020275312
it is fast downloading app,positive,positive,0.8954402804374695,0.012962249,0.0915975,0.8954403
make it a zoo or fish tank,positive,positive,0.5971804857254028,0.057293173,0.34552634,0.5971805
waah!!! so nice app,positive,positive,0.7430815100669861,0.022105336,0.23481314,0.7430815
why pay that price for tablet use,negative,negative,0.7893772721290588,0.7893773,0.18008484,0.030537896
good bit doesn't have the choices in search section for type of rooms such as not-smoking or soundproof ones or double-room etc.,positive,neutral,0.7836275696754456,0.016460625,0.78362757,0.19991186
too slow at times,neutral,neutral,0.7234665155410767,0.20323224,0.7234665,0.07330122
it's very easy to use and all types of format documents easily opened,positive,positive,0.9112999439239502,0.012266319,0.07643372,0.91129994
can not sign in,negative,negative,0.9141674637794495,0.91416746,0.07554443,0.0102881165
it makes team communication highly open and accessible,positive,positive,0.9243448376655579,0.017244266,0.05841084,0.92434484
when message is being sent it takes time to be received,neutral,neutral,0.7456150650978088,0.17720833,0.74561507,0.077176586
pretty accurate for the most part i think,positive,positive,0.9079946875572205,0.00899295,0.083012305,0.9079947
spark is about the only good thing,neutral,positive,0.6025298833847046,0.026531734,0.37093833,0.6025299
broke the upload photo feature,negative,negative,0.6935446858406067,0.6935447,0.2657077,0.040747628
best app but suggest download stop,positive,neutral,0.5621882677078247,0.019965392,0.56218827,0.41784635
some hotels are a bit shady,neutral,neutral,0.6920868158340454,0.051344316,0.6920868,0.25656888
its fun to see you're own emoji !,neutral,positive,0.6027477979660034,0.010001021,0.3872512,0.6027478
its not so great as i expected it to be,neutral,neutral,0.8609488606452942,0.05835615,0.86094886,0.08069499
keeps going down n the ads r anoying,negative,negative,0.5741668343544006,0.57416683,0.38610524,0.039727893
it was good enough until i can't change my display picture,negative,neutral,0.7304509282112122,0.050030395,0.7304509,0.21951865
it's a trial. editing feature not impressive.,positive,neutral,0.673332691192627,0.2489026,0.6733327,0.07776468
love it <url> great job <url>,neutral,positive,0.6958040595054626,0.11143138,0.19276462,0.69580406
used to be good,negative,negative,0.7700640559196472,0.77006406,0.20355396,0.02638194
very good and useful app,positive,positive,0.9160137176513672,0.013050124,0.070936136,0.9160137
"the app will no longer let me delete locations. uninstalled, and reinstalled and they are still there. frustrating.",neutral,negative,0.8780747652053833,0.87807477,0.10905436,0.012870946
"buggy, ambigue and less features",negative,neutral,0.7488875985145569,0.08622755,0.7488876,0.16488492
"this has helped my productivity a lot. i've only recently started experiencing issues with it. before, the app used to count extra time i went without using my phone even after the <number> min mark. it was really gratifying to see how much longer i was able to last + it contributed to my forest and my overall focus count. but now it isn't doing that? so it kind of discourages me from continuing to work past the sound of the timer even if i feel like i could. if it's possible, please do something about that.",neutral,positive,0.6058081388473511,0.018234404,0.37595746,0.60580814
"zooming slow, okay otherwise",neutral,neutral,0.8288072943687439,0.018005414,0.8288073,0.15318729
"fix zoom in attached images! it doesn't work first <number> seconds the image open, and for gif it doesn't work at all. and is that tat hard to add rotation you've ""planned to add"" a year ago? where's a font size setting or guesture scale sor chat?",neutral,neutral,0.48369142413139343,0.4820575,0.48369142,0.034251
when will the local adjustments tool be disponible for android users?? hope it's included on the next actualization !!,positive,neutral,0.5578544735908508,0.031904668,0.5578545,0.41024092
just started using it !,positive,negative,0.5900282263755798,0.5900282,0.2969617,0.1130101
so cute. wish it were easier to access via other apps,positive,positive,0.7494814395904541,0.0234813,0.22703727,0.74948144
really like the way this app has evolved from it's first version. please add android wear notification service asap. its really easy to add and people are badly missing it.,positive,positive,0.7937539219856262,0.022153432,0.18409264,0.7937539
"good on mobile devices ,simply good on move",positive,positive,0.6853136420249939,0.008103222,0.3065831,0.68531364
need to avoid unwanted ads and also enhance the downloading speed. overall nice app.,positive,positive,0.8444576263427734,0.007478704,0.14806372,0.8444576
"i really like this app and is what i go to when i start loosing concentration. i wish there were more stats and plant types, also more beautifully animated and things that change <url>",positive,positive,0.9052311778068542,0.018859724,0.075909145,0.9052312
was <url> now radar broken,negative,negative,0.8575420379638672,0.85754204,0.105940886,0.036517065
booking bait and switch,negative,negative,0.919091522693634,0.9190915,0.06391455,0.01699396
this seems like it would be cool,negative,neutral,0.6410197615623474,0.015607283,0.64101976,0.343373
cannot see my photo's on device,negative,negative,0.5825530290603638,0.582553,0.39430448,0.023142416
so far so good!! i love it.,positive,positive,0.8716293573379517,0.030471997,0.09789863,0.87162936
"such an intrusive browser, coming from china. it can't be trusted with your online activities. indians, be aware.",negative,negative,0.8547968864440918,0.8547969,0.13008364,0.015119441
hi i download this app he is the very good app,positive,positive,0.8474010825157166,0.026901329,0.12569763,0.8474011
where is the download process,positive,neutral,0.5747397541999817,0.1878191,0.57473975,0.23744114
brill so easy to use,positive,positive,0.7502687573432922,0.018830167,0.23090103,0.75026876
the app isn't working on the note <number> . i'll update my review if/when it works.,negative,negative,0.7398244738578796,0.7398245,0.24214526,0.018030265
"""you have cancelled your entire <url> ""???",negative,negative,0.9344310164451599,0.934431,0.05328272,0.012286196
it good for local german reports nearly as good as <url>,positive,positive,0.5904733538627625,0.010148857,0.39937782,0.59047335
does what i need it to,neutral,positive,0.6822532415390015,0.01653405,0.30121267,0.68225324
it's good for communication,neutral,positive,0.7124799489974976,0.0081960745,0.27932397,0.71247995
it sometimes sends the wrong <url>,neutral,neutral,0.544828474521637,0.37966552,0.5448285,0.07550602
please add the feature of sharpen and blur,neutral,positive,0.676413357257843,0.012843416,0.31074318,0.67641336
notifications aren't working???,positive,negative,0.6915791034698486,0.6915791,0.2660184,0.04240258
lag while zoom in/out,positive,neutral,0.7529503107070923,0.07714316,0.7529503,0.16990653
had some slowness issues?,positive,neutral,0.6738026738166809,0.07142599,0.6738027,0.2547713
awesome app one of the <signature>,positive,positive,0.9076498746871948,0.017761635,0.074588545,0.9076499
it does great and gives accurate weather information,positive,positive,0.9178982377052307,0.013600054,0.06850166,0.91789824
bogus . there are several aps much useful,negative,neutral,0.6442611217498779,0.029392472,0.6442611,0.32634637
'no notifications' doesn't work.,negative,negative,0.8233994245529175,0.8233994,0.16160017,0.015000452
great app for managing hotel reservations on the go. it's also nice to earn rewards for frequent stays. i think this is the <signature>,positive,positive,0.9196179509162903,0.012228868,0.06815318,0.91961795
app keeps crashing. unable to open after latest update.,positive,negative,0.9624191522598267,0.96241915,0.0312099,0.00637097
always update but nothing improve,neutral,neutral,0.6813978552818298,0.067157194,0.68139786,0.251445
"great concept, poor implementation",neutral,negative,0.8530694246292114,0.8530694,0.13167088,0.015259705
contact picture not show.,negative,neutral,0.7131966948509216,0.23967813,0.7131967,0.04712524
canon cr <number> support please,neutral,neutral,0.48283714056015015,0.05669974,0.48283714,0.4604631
this thing is a trap! it will take your money,negative,negative,0.9642257690429688,0.96422577,0.027381655,0.008392544
"the icon re-design is a tremendous eye-sore more fit to be the face of a pharmaceutical firm, and they didnt put any extra effort into making the app on any of the platforms, leaving gaps in design. no dark mode, no voip, no collapsing the sidebar on ios or windows. i use it because my friends do.",negative,neutral,0.6831403970718384,0.15722884,0.6831404,0.15963079
"just need an option to mute notifications (some of us work different timezones and like sleep), other than that it works pretty well!",positive,positive,0.6778768301010132,0.008243664,0.31387943,0.67787683
good for net work download,positive,positive,0.5903673768043518,0.010191765,0.3994409,0.5903674
i want this feature,positive,positive,0.5837668180465698,0.04747901,0.36875418,0.5837668
content rating: low maturity,positive,neutral,0.5700094699859619,0.37804905,0.57000947,0.051941514
this application doesn't work in my handphone,negative,negative,0.9679581522941589,0.96795815,0.026500562,0.005541261
slack chat is good,positive,neutral,0.5266488790512085,0.01673006,0.5266489,0.45662102
i find the user experience superior to other apps.,positive,positive,0.5894636511802673,0.028298853,0.38223752,0.58946365
"great app, needs better ui on reviews",neutral,positive,0.8872700929641724,0.014801949,0.09792798,0.8872701
great new camera in-app,positive,positive,0.7691708207130432,0.08065862,0.1501705,0.7691708
would be <number> <url>,negative,neutral,0.5437604188919067,0.11694272,0.5437604,0.33929685
it's a good application,neutral,positive,0.7082016468048096,0.0075828047,0.28421557,0.70820165
"five star service, two star app",negative,positive,0.4394395351409912,0.19881335,0.36174715,0.43943954
everytime my phone went on sleep it killed the tree and became completely pointless because i would've had to tap my phone every <number> seconds to keep it from locking and killing the tree.,negative,negative,0.9701483845710754,0.9701484,0.022883037,0.006968687
bbm isnt the <signature>,neutral,neutral,0.5832648277282715,0.34581995,0.5832648,0.070915215
can you please give a little speed more on download,neutral,positive,0.5873082876205444,0.011905624,0.40078613,0.5873083
need support for .cr <number> format,positive,neutral,0.5181999802589417,0.026186135,0.5182,0.45561394
"unecessarily complicated and cumbersome. it's so difficult to create new workspaces and move people from one to another. if you don't have someone's email address memorized, good luck! this app has a long way to go to be truly useful every day. in addition to the above, notifications are a bit of a nightmare. i've missed out on a lot of critical messages because notifications just don't work when they need to. i've run out of room for feedback but i could go <url>",negative,neutral,0.7545914053916931,0.17716944,0.7545914,0.06823918
i'm surprised hdr is not supported on the huawei nexus <number> p. i realize it is isn't as new as the pixels but it's still a pretty fast phone.,neutral,positive,0.6430854797363281,0.021074794,0.33583972,0.6430855
where is the bookmarks?,neutral,neutral,0.46409767866134644,0.388819,0.46409768,0.1470833
"love this app, developers have been brilliant at fixing bugs and the feedback system is great!",neutral,positive,0.8744490146636963,0.037532404,0.08801859,0.874449
i want to give this app <number> <url>,negative,negative,0.7015519142150879,0.7015519,0.2481237,0.05032436
cant even sign in or sign up,negative,negative,0.9546511173248291,0.9546511,0.038456738,0.0068921586
"very nice weather app. would like to see more detail on air quality, pollen, etc",positive,positive,0.9091964960098267,0.010970727,0.07983277,0.9091965
simple to use. nice option to search via map,positive,positive,0.876445472240448,0.007410159,0.11614438,0.8764455
what a huge step backwards for useability.,negative,neutral,0.45675942301750183,0.21665439,0.45675942,0.32658616
it is what it is!,neutral,neutral,0.4498598277568817,0.31158224,0.44985983,0.2385579
"+pinch zoom, +++reflow text, --render speed on scroll, ---should find all pdf including dowloaded by browser, --no search, ---no images in reflow",negative,neutral,0.5900143384933472,0.36158392,0.59001434,0.04840175
this app keeps killing my tree whenever i off my <url> this is so bad. i ended up kore time restarting the timer.,negative,negative,0.966966986656189,0.966967,0.026393043,0.0066399686
website offers better and more search options.,negative,positive,0.6238731145858765,0.04307033,0.33305654,0.6238731
i love this browser,positive,positive,0.6349595785140991,0.1541063,0.21093409,0.6349596
not always perfectly accurate. i like the hourly forecast.,positive,neutral,0.49883410334587097,0.015686275,0.4988341,0.48547962
mobile notifications not working,neutral,negative,0.7198272943496704,0.7198273,0.24919154,0.030981211
cannot unlock password protected ebooks. can't even interact with links or buttons. worthless for password protected ebooks.,negative,negative,0.9684875011444092,0.9684875,0.025725398,0.0057870448
this app is an nice good for everything i need but they are problems u must fix,positive,positive,0.736404538154602,0.013735088,0.24986038,0.73640454
getting worse than before,neutral,negative,0.7939633131027222,0.7939633,0.1785905,0.027446173
it's easier and efficient,positive,positive,0.8431129455566406,0.008313314,0.14857377,0.84311295
"what the mobile developers do not understand is: do not ever ever change the application icon! the icon shape and color are used to quickly identify an app between other dozen apps. that's how the brain works! moreover, an update only for the app icon? where is the video recording option? i use slack daily (it's the main chat / video conferencing solution where i work) and you can simply cannot record meetings!",negative,neutral,0.58904629945755,0.35647345,0.5890463,0.054480262
"cute and accurate, but no long hair",neutral,positive,0.6621972322463989,0.0146443965,0.32315838,0.66219723
used to work. not anymore,negative,negative,0.925275444984436,0.92527544,0.06516369,0.009560954
an outstanding way of communication with the team.,positive,positive,0.9234705567359924,0.016538467,0.059991002,0.92347056
internet is better than this because,neutral,neutral,0.5280419588088989,0.09028285,0.52804196,0.3816752
"sucks. force close, pdf never opens. htc hero.",negative,negative,0.971039354801178,0.97103935,0.023116944,0.005843795
"i like it just wish tht we had more choices for the avatar and the body shapes were more womenly, besides that i think it's great!",neutral,positive,0.8455563187599182,0.010181196,0.14426245,0.8455563
was great when it worked,negative,negative,0.460569828748703,0.46056983,0.3874871,0.15194303
update has ruined functionality. now difficult to search rooms for <number> people etc. terrible terrible terrible!,negative,negative,0.9720892310142517,0.97208923,0.021178793,0.006731924
would like it better if you could use this app in fb <url>,neutral,neutral,0.6562982201576233,0.016449075,0.6562982,0.3272527
great app with potential.,positive,positive,0.9155660271644592,0.014109122,0.07032485,0.915566
handles small pdf files really well. needs bookmarks.,neutral,positive,0.4992990791797638,0.016451107,0.48424977,0.49929908
why not a mobile web version ??!!?!,negative,neutral,0.5773166418075562,0.30301172,0.57731664,0.119671606
"i love this app, the ui is nice and smooth, no bugs what-so-ever, and it knows when i press the home button and enter another app. (turn on advanced something in the settings) looks very smooth, and it works as it should! the problem is, i can't lock my phone without killing the tree, and it wastes the battery. that's pretty much my only complaint! (i'm fairly new to the app, and i heard that when your forest gets full, that you can't put in anymore trees. if so, please let the forest expand as well.)",positive,positive,0.8656219244003296,0.013369821,0.12100822,0.8656219
i was addicted to game and other stuff my personal work ratio was too down and this app really help <url> !,positive,neutral,0.4437994658946991,0.15566915,0.44379947,0.40053135
stuck in update mode,negative,negative,0.7167758345603943,0.71677583,0.25072253,0.032501664
while downloading music it goes to play store .,neutral,neutral,0.5942077040672302,0.36266765,0.5942077,0.0431247
can't append it to sd card when updated in htc wildfire,negative,neutral,0.6217756867408752,0.34446576,0.6217757,0.03375853
free emoticons are <url> good,neutral,neutral,0.5972754955291748,0.015630208,0.5972755,0.38709426
"i could plant the tree while watching youtube , no different than clash of clans",negative,neutral,0.5494332313537598,0.108971015,0.54943323,0.3415957
bbm cant connect properly,negative,negative,0.7441661953926086,0.7441662,0.23060592,0.025227897
"it would be cooler if you could mix and match the pants, shoes, shirts, jackets, etc. instead of having to choose from predetermined outfits. i want to make my own outfit!",positive,positive,0.5745064616203308,0.014878708,0.41061488,0.57450646
"works fine, too many ads",positive,neutral,0.6405958533287048,0.10228601,0.64059585,0.2571181
they okay good on the <number> day forecast.!,neutral,positive,0.5971875190734863,0.009444189,0.39336827,0.5971875
"when it works, it's good. but far too many crashes on my galaxy tab s <number> .",neutral,neutral,0.7499194741249084,0.013504686,0.7499195,0.23657584
terrible it now no longer works the way it used to. it was the <signature>,negative,negative,0.970949113368988,0.9709491,0.022971347,0.006079577
push notifications not reliable,positive,neutral,0.793287456035614,0.12773435,0.79328746,0.07897825
went out and can't access it ny more. what happened. says i have <number> go thru fb or my email and i have <number> sign up and in wen i've been using it <number> the past <number> months. what happened!,neutral,negative,0.9463598132133484,0.9463598,0.04669019,0.006950015
to set a profile picture is very frustrating as the current set up/method cuts out most of the picture. this really should be adjusted.,neutral,neutral,0.8059409260749817,0.12705004,0.8059409,0.06700903
i liked <url> this is very useful,positive,positive,0.8211448192596436,0.014510961,0.1643442,0.8211448
if your not using this to book your loosing out,neutral,negative,0.9254215955734253,0.9254216,0.06306938,0.011509052
"the app keeps asking me to rate it despite me constantly telling it ""no"" so i'm rating it <number> star out of spite and partially because they don't actually follow the choices they give you.",negative,neutral,0.6362651586532593,0.27631754,0.63626516,0.087417305
"uc browser is a fantastic browser application. the team behind the creation of this application have all done a wonderful job. keep it up as you continue to improve upon this great application. however, i wish to suggest that option to be able to send applications in speed mode { facebook, twitter etc} to phone desktop/home screen be incorporated into this application. secondly, make it possible to be able to select and set desired audio file as alert tones for applications like facebook etc. we therefore look forward to seeing these options in your next update sir. <signature>",neutral,positive,0.8933730125427246,0.01714988,0.08947715,0.893373
"battery drain, battery drain, battery drain",negative,negative,0.8573930263519287,0.857393,0.12529157,0.017315516
won't open raw files,negative,negative,0.9118998646736145,0.91189986,0.07797398,0.010126197
force closes on samsung moment w/android v <number> . <number>,negative,negative,0.8081066608428955,0.80810666,0.16485207,0.027041277
not as good as desktop app .too slow while navigaring to different channels amd personal chats.,neutral,neutral,0.7525829672813416,0.18971185,0.75258297,0.05770526
weather is nice and shows precipitation also,positive,positive,0.8306609988212585,0.011180345,0.15815866,0.830661
"won't let me add locations, other than that, works well.",neutral,neutral,0.7848518490791321,0.12335625,0.78485185,0.09179191
note <number> <url> of nov <number> th.,negative,neutral,0.5699027180671692,0.1524119,0.5699027,0.2776854
rooms sold not always available,neutral,negative,0.4922872483730316,0.49228725,0.41466892,0.09304394
please add a feature!,neutral,positive,0.6555432081222534,0.015177913,0.3292789,0.6555432
so many ads r coming i hate this app,negative,negative,0.9597952961921692,0.9597953,0.03376954,0.0064350953
it does what it's supposed to.,positive,neutral,0.8013548254966736,0.026893592,0.8013548,0.17175162
it really sucks that disabling wysisyg in the settings does not work. i want my input freedom.,negative,negative,0.8105813264846802,0.8105813,0.17638087,0.013037884
it's a decent app,positive,positive,0.5703904628753662,0.01036318,0.4192464,0.57039046
have issue on redmi note <number>,neutral,neutral,0.6635425090789795,0.24288581,0.6635425,0.09357171
"i would give it <number> , but it keeps stopping when converting text to pdf",positive,neutral,0.7855052947998047,0.062423058,0.7855053,0.15207162
very good for me,positive,positive,0.8745037317276001,0.010790624,0.11470561,0.87450373
"app whitelisting doesn't work, everything works fine when whitelisting is turned off (tree withers when i exit the app) but when it's on, i can access any app without the tree dying, not just the whitelisted ones. i've also turned on the advanced detection mode, does not help.",neutral,negative,0.5423082709312439,0.5423083,0.4277148,0.0299769
"this ""use"" to be the greatest weather app right up until <url> latest update froze radar animation and i don't get alerts until i open the app. deleting and going to find a better app.",negative,negative,0.5937687158584595,0.5937687,0.3014658,0.10476543
"it does its job, but asking each time to rate the app is infuriating",neutral,neutral,0.8363082408905029,0.07469029,0.83630824,0.0890015
my weatherbug now tells me im <number> towns away. reported <url> they told me i was dumb basically.,negative,negative,0.792576253414154,0.79257625,0.17916703,0.028256657
crude humor supports the deteriorating morals of society. not acceptable,negative,negative,0.4786699116230011,0.4786699,0.46901807,0.052311964
after installed the browser <url> phone will hang and some unwanted program to be automatically <url> will affect on <url>,negative,negative,0.8586974740028381,0.8586975,0.1262729,0.015029602
some update or something makes this wonderful app crash. please remedy the issue!!!,neutral,positive,0.5290439128875732,0.039129104,0.43182695,0.5290439
love it but easy on the ads pls,positive,positive,0.7145946621894836,0.035453804,0.24995156,0.71459466
"for all those whose trees are not withering, turn off whitelist mode",neutral,neutral,0.5778422951698303,0.19936652,0.5778423,0.22279122
"i really enjoy this app, it's been quite helpful. however, though it counts the time you exceed the preset goal you don't get any extra trees/bushes. this means that i sometimes go over my time focus goal, but only see one lonely tree for my efforts. good bit of a bummer. otherwise, love the app.",positive,positive,0.8660245537757874,0.009578381,0.12439706,0.86602455
not as accurate at weather channel but i like that i can choose the radar location.,positive,positive,0.6275277733802795,0.01392399,0.35854822,0.6275278
i prefer the blackberry version to the android version. or maybe i've not discovered all the tricks here.,neutral,neutral,0.5678474307060242,0.03693329,0.56784743,0.39521927
great! so much potential!,positive,positive,0.871452808380127,0.030442221,0.098105006,0.8714528
can't use bbm after update,negative,negative,0.49301332235336304,0.49301332,0.47584137,0.03114533
on getting the latest update the app stopped working all of a sudden. i use samsung galaxy s <number> . please see what has gone wrong. i tried reinstalling the app too. didn't work.,negative,negative,0.9430056810379028,0.9430057,0.04887935,0.008114875
very very slow even on nexus one,negative,negative,0.8343561291694641,0.8343561,0.15046152,0.015182376
like the old version better,positive,positive,0.5264715552330017,0.037637588,0.43589085,0.52647156
stop asking me to rate every time i launch the app.,negative,negative,0.710969865322113,0.71096987,0.25990698,0.029123196
lots of force closes on galaxy s.,negative,neutral,0.478728324174881,0.45401192,0.47872832,0.067259766
needs more of the core lightroom features,neutral,neutral,0.7031953930854797,0.023597501,0.7031954,0.2732071
"great app, just a few things that need addressed. i can no longer ""purchase"" additional trees and i have the $. it says forbidden after taking a while to load. i've uninstalled and reinstalled, running on the most current app and android os <number> . <number> , droid turbo <number> .",neutral,neutral,0.5001813769340515,0.09599206,0.5001814,0.40382656
please add live radar widget!,positive,neutral,0.5108857154846191,0.1671972,0.5108857,0.32191706
can't quickly link to specific page or bookmark. sucks. quick office is much better for reading pdfs.,negative,negative,0.9220099449157715,0.92200994,0.06963341,0.008356631
it dose not let you do anything,negative,negative,0.9063904285430908,0.9063904,0.08020511,0.013404476
hourly doesn't match the <number> day,neutral,negative,0.6701204776763916,0.6701205,0.30733123,0.022548327
it's a good app,positive,positive,0.5799770951271057,0.008711396,0.41131148,0.5799771
good app edit picture,positive,positive,0.5242615938186646,0.011132614,0.46460575,0.5242616
can't bookmark the page! it's hard to read an e-book and remember the page number. i will delete.,negative,negative,0.6529852747917175,0.6529853,0.32834062,0.018674133
use for fast download,positive,positive,0.9038064479827881,0.014693951,0.08149962,0.90380645
used to be the <signature>,negative,negative,0.6366007924079895,0.6366008,0.3180874,0.04531183
better than most. quick and easy,positive,positive,0.9153596758842468,0.010358188,0.074282154,0.9153597
"not fast in sending and receiving messages, the app needs to be worked on.",negative,neutral,0.7957848310470581,0.15626289,0.79578483,0.047952294
local adjustment not appearing,positive,neutral,0.7776033878326416,0.09372485,0.7776034,0.12867178
used to be great,negative,negative,0.820327877998352,0.8203279,0.15852916,0.02114296
just got it <url> fingers crossed,neutral,neutral,0.40122243762016296,0.33967134,0.40122244,0.25910622
best pic editing <url>,positive,positive,0.8142178654670715,0.012637634,0.1731445,0.81421787
no bookmark or jump page. doesnt remember where i was when closed,negative,negative,0.8744434118270874,0.8744434,0.11277421,0.012782432
"good. only complaint is that sometimes the location on my lock screen is not my current location, but a random one from my saved places.",positive,positive,0.6624598503112793,0.0076011023,0.32993904,0.66245985
for the older version,neutral,neutral,0.5442327857017517,0.21005061,0.5442328,0.24571663
"this app is pretty good, but i wish i could use this in my normal keyboard and i hope that it will be animated and have a transparent background",positive,positive,0.7094453573226929,0.010601769,0.27995285,0.70944536
it's very accurate and good,positive,positive,0.8992938995361328,0.009215644,0.09149051,0.8992939
loved it till i got a new phone,negative,negative,0.5659399628639221,0.56593996,0.35033756,0.0837224
works ok but crashes when i rotate my archos <number> .,neutral,neutral,0.8577306866645813,0.028506689,0.8577307,0.113762684
bloats <number> megs needs to be movable to <url>,negative,neutral,0.5471662878990173,0.39235964,0.5471663,0.06047409
shares the way it wants without permission,negative,negative,0.47719335556030273,0.47719336,0.46778068,0.05502597
external storage for cache,neutral,neutral,0.6331858038902283,0.07827726,0.6331858,0.28853697
the radar map is practically useless now,negative,negative,0.9704943895339966,0.9704944,0.022221472,0.0072842035
will not select the correct current location.,negative,neutral,0.6725564002990723,0.27062434,0.6725564,0.05681924
cant edit my avatar and cant log in!!,negative,negative,0.9414473176002502,0.9414473,0.051836338,0.006716334
this is worse than what we call pathetic when it comes to mobile app.,negative,negative,0.9636328220367432,0.9636328,0.02968239,0.006684718
updated to make it worst,negative,negative,0.9523443579673767,0.95234436,0.037378736,0.010276867
the trees do not die when i leave the app which is what the app was supposed to do should i have left the app to use other apps like ig or youtube,negative,negative,0.5299252867698669,0.5299253,0.38201347,0.08806131
new version is a major step back,negative,positive,0.5545141696929932,0.15813795,0.28734785,0.55451417
awesome and secure app,positive,positive,0.9116050601005554,0.021038933,0.067356,0.91160506
awful app. really awful.,negative,negative,0.9698940515518188,0.96989405,0.023174305,0.006931635
would rate <number> <url>,negative,neutral,0.6273425221443176,0.07139734,0.6273425,0.3012601
"makes an incredibly annoying and loud clicking sound through the speakers whenever you take a photo, with no ability to disable it.",neutral,negative,0.7423627972602844,0.7423628,0.23241654,0.02522076
it's nice but some problems r there,neutral,neutral,0.5756428241729736,0.010187279,0.5756428,0.4141699
have used it for years,positive,positive,0.7036164402961731,0.11302302,0.18336056,0.70361644
hope it supports split screen,positive,neutral,0.6014814376831055,0.025563559,0.60148144,0.37295502
good app to <url> i alwayz prefer uc browser to <url>,positive,neutral,0.6574084162712097,0.018578392,0.6574084,0.32401323
some issues but otherwise excellent,positive,positive,0.5434571504592896,0.011076172,0.4454667,0.54345715
"this app is great, allows you to edit raw files, and almost has all the same options as a desktop/laptop version. the only thing i would really love to see is a brush setting, really all it needs for <number> stars in my books!",positive,positive,0.8990404009819031,0.023078127,0.077881515,0.8990404
basic stuff done well,neutral,positive,0.7817784547805786,0.028037146,0.19018438,0.78177845
unfriendly to free users,negative,negative,0.9527538418769836,0.95275384,0.039601855,0.00764428
crashed my phone twice in a row doing nothing more then trying to read a <url>,negative,negative,0.9647517204284668,0.9647517,0.02830192,0.006946318
has become unreliable and very inaccurate. loved it and now will get rid of because of terrible forecasts.,negative,negative,0.9656478762626648,0.9656479,0.028592883,0.005759274
still no group contacts like old bbm,negative,neutral,0.7391147017478943,0.10963588,0.7391147,0.15124945
"slow loading, double notifications",neutral,neutral,0.7883742451667786,0.13562673,0.78837425,0.075998984
i love this app but sometimes it is really lagging.,positive,positive,0.5055371522903442,0.057060137,0.43740273,0.50553715
freezes when opening pdfs. useless. root droid <number> . <number>,negative,negative,0.9638445377349854,0.96384454,0.029679373,0.0064761196
"really nice app ,with grt way to analyse yr productivity",positive,positive,0.838949978351593,0.010363769,0.1506863,0.83895
great but one major problem,positive,positive,0.7953022718429565,0.043382116,0.16131568,0.7953023
this program needs to be able to jump to specific pages in the pdf. i have a <number> page set of blueprints in need to access multiple times daily. fix,negative,neutral,0.5386419892311096,0.41161072,0.538642,0.04974731
something went wrong before i could access this app. immediately <url> viruses needed.,negative,negative,0.8129831552505493,0.81298316,0.16590439,0.0211125
last update problem when search number adults,negative,neutral,0.6145689487457275,0.30868182,0.61456895,0.076749265
very good app very easy,positive,positive,0.9119004011154175,0.01213214,0.075967476,0.9119004
it's good app and doesn't contain virus,positive,neutral,0.8042358756065369,0.016536215,0.8042359,0.17922787
please add widgets for slack,positive,positive,0.6046608090400696,0.020856936,0.3744822,0.6046608
add hdr support for htc <number> please!,neutral,positive,0.57176673412323,0.01849292,0.40974033,0.57176673
"suddenly it's killing all my trees it's was working perfectly, but now i keep getting a ""unknown app'",negative,neutral,0.6990610957145691,0.19498931,0.6990611,0.10594959
well <url> you need access to my files and my camera ? looks like an insecure joke. i 'll install once we are back to serious.,negative,neutral,0.8157776594161987,0.08306297,0.81577766,0.10115941
this app is <url> not as expected,negative,negative,0.7253052592277527,0.72530526,0.24664475,0.028050026
please add remind me option,neutral,positive,0.5653873682022095,0.02394176,0.41067085,0.56538737
"original user interface, very usable.",positive,neutral,0.5434750914573669,0.06790717,0.5434751,0.38861775
i use this site for booking over night stays when going on holiday. good hotel and great staff.,positive,positive,0.9181224703788757,0.012514486,0.06936296,0.9181225
can't access my account,negative,negative,0.9341110587120056,0.93411106,0.059153024,0.006735834
very useful to find non-chain hotels--saving lots of money when all you need is a clean room and a servicable bed.,positive,positive,0.8971648812294006,0.009386198,0.093448944,0.8971649
"love it, something for almost every occasion!",positive,positive,0.87581866979599,0.037456676,0.08672466,0.87581867
doesn't format text correctly,neutral,neutral,0.514834463596344,0.4519926,0.51483446,0.033172946
"despite all these new pdf readers, this app provides very good benefits",positive,positive,0.8306270241737366,0.011142133,0.15823081,0.830627
love it but hate it,neutral,neutral,0.529633104801178,0.22836024,0.5296331,0.24200664
great application. efficient way to browse and book accommodation.,neutral,positive,0.9234582781791687,0.011063906,0.065477856,0.9234583
great mutch eadier than website. quick and convenient,positive,positive,0.8941052556037903,0.01230807,0.093586735,0.89410526
excellent. not needing any permissions is cool.,neutral,positive,0.6027540564537048,0.007907128,0.38933885,0.60275406
"works pretty good, nice to finally have this on android.",positive,positive,0.903083860874176,0.007881677,0.089034475,0.90308386
to boring and to many adds,negative,neutral,0.5041113495826721,0.4054697,0.50411135,0.09041902
reply from notification and remove bbm channels,neutral,negative,0.5221589207649231,0.5221589,0.40948108,0.06836002
love the app but current temperature doesn't stay in the notification bar even though i have it set to go the settings. please fix. i have to constantly open the app for current temp.,positive,positive,0.7069995403289795,0.034416366,0.25858414,0.70699954
i like it . works great,neutral,positive,0.914359986782074,0.019179985,0.06646008,0.91436
it's good for documents viewings and managing.,positive,positive,0.8025401830673218,0.006944876,0.19051495,0.8025402
it's good but not too much <url> it's working well,positive,neutral,0.6669297218322754,0.009807421,0.6669297,0.3232629
pic porn on ads,negative,negative,0.8206295967102051,0.8206296,0.15060733,0.02876314
dope! i wish there was a batch deletion feature.,positive,negative,0.7775599956512451,0.77756,0.19465703,0.027782932
"worked great for years but now it double posts everything i send on my chromebook. love it on every other <url> iphone, mac. i hope this is fixed in the next <url> !",neutral,positive,0.8325640559196472,0.038221903,0.12921406,0.83256406
"sering error, but it's fine. still working",positive,neutral,0.7294913530349731,0.014579872,0.72949135,0.2559287
full of bugs. i can claim the reward but my coins doesn't increase at all????,negative,negative,0.7519212365150452,0.75192124,0.21989654,0.028182153
reliable when signal is good,positive,positive,0.6361787915229797,0.013947819,0.34987333,0.6361788
love it and hate it.,neutral,negative,0.8682283759117126,0.8682284,0.107314155,0.024457458
would be good if you could delete after finished!,neutral,neutral,0.6818158626556396,0.01568266,0.68181586,0.30250147
works for me. only one i ever use.,positive,positive,0.7766810655593872,0.0880934,0.13522556,0.77668107
error <url> do not work. i'm having <number> . <number> . <number> <url> still not working .,negative,negative,0.9569171071052551,0.9569171,0.036425903,0.0066569443
it is very good but it needs more options on the facial features and the body motifications,positive,positive,0.7926941514015198,0.008397427,0.19890839,0.79269415
takes up <number> percent of the <url> saves everything u <url> good for a <url> have motorola droid.,negative,neutral,0.8445436358451843,0.0779365,0.84454364,0.07751978
nice <url> was using this <url> information for news and latest updates,neutral,positive,0.6090165972709656,0.047625005,0.34335834,0.6090166
"the whitelist doesn't <url> no matter what i do, my tree dies.",neutral,negative,0.8320386409759521,0.83203864,0.14884348,0.01911787
"good app, but lacking android wear (and thus pebble) support. i prefer google hangouts to slack because of this missing functionality.",neutral,neutral,0.7450695037841797,0.02041802,0.7450695,0.23451248
great but too much phone access,neutral,positive,0.7361398339271545,0.022737999,0.24112214,0.73613983
if you can't offer better pricing you're useless,negative,negative,0.9566289782524109,0.956629,0.035606246,0.007764814
seriously your ad blocker never works everytime i go to movies site pop up ads pop ups every second very irritating don't <url> u will never get good surfing experience,negative,negative,0.9011771082878113,0.9011771,0.0882252,0.010597731
minimize category and bbm group user friendly,positive,neutral,0.7217066884040833,0.057357874,0.7217067,0.22093552
it doesn't save the last page you were on. it's annoying.,neutral,neutral,0.8238275051116943,0.10520294,0.8238275,0.070969544
please add something which shows you how long you've worked for each day and maybe a graph for comparing different working times,neutral,positive,0.7400744557380676,0.009284428,0.25064108,0.74007446
not bad better than other,positive,neutral,0.4974261224269867,0.030491324,0.49742612,0.47208247
i like the radar and spark. i work outside so that helps. the temp though? <url> but i guess that's what you get when trying to predict the actions of the most volatile woman in existence. mother nature of course.,neutral,positive,0.8543177843093872,0.013736469,0.13194573,0.8543178
why it is asking to download uc browser when i am going to download song and i don't want to download uc browser,negative,negative,0.739111065864563,0.73911107,0.234553,0.02633599
"awesome app!! it helps me a <url> i think it will be better if it had a <url> like we can time when it will start <url> sometimes i like to use my phone a lot. like before bed or using my phone at <url> smting like that. if you had the timer, we can set our work time so we would not play phones at certain <url> but still this app is great!!",positive,positive,0.9008412957191467,0.012815532,0.08634314,0.9008413
good app but <url>,neutral,neutral,0.7475741505622864,0.019495146,0.74757415,0.23293073
does the job it aims to do,neutral,positive,0.7019403576850891,0.062311057,0.23574856,0.70194036
ridiculous. why the hell i cannot move it to memory card?,negative,negative,0.9571595788002014,0.9571596,0.03465973,0.008180667
download error problem network gone after network connected again donwload doesn't resume,neutral,negative,0.7129323482513428,0.71293235,0.25888944,0.028178276
"i would give this app more stars if it weren't for the inability to get an overview of the total number of hours sunk into each tag rather than just a percentage, extend the amount of time you want on the fly and to filter by multiple tags vs either only one or all at the moment.",neutral,positive,0.7357431650161743,0.016698144,0.24755871,0.73574317
"its cool, i love it",neutral,positive,0.72739177942276,0.01342909,0.2591791,0.7273918
warning. bad apps. this apps cheat ur money on cancelation,negative,negative,0.9624481797218323,0.9624482,0.031208681,0.006343101
please fix!! then <number> stars,negative,neutral,0.5354982018470764,0.24655794,0.5354982,0.21794386
it's ok this apps,positive,neutral,0.8450824618339539,0.014904901,0.84508246,0.14001259
please add support for links inside pdf! great app but i really miss that feature!!,neutral,positive,0.883544385433197,0.0108362725,0.10561939,0.8835444
weatherbug was better <number> years back than it is now. i do not like the last few updates. the maps not as good especially showing cloud cover with storms or without. the layers is really sib par from the way it was. now for the last <number> days its shutting down for no reason,neutral,neutral,0.6578383445739746,0.2942853,0.65783834,0.047876403
uc helpful but it's have many bad <url>,positive,neutral,0.6748210191726685,0.030636871,0.674821,0.2945421
it tells me what i need to know,positive,positive,0.7267981767654419,0.024972463,0.24822935,0.7267982
addicted to phone? this is the app,positive,negative,0.9446232914924622,0.9446233,0.045047116,0.010329652
works well but beware the enormous memory use for data. if this could be stored on sd card then i would give <number> stars. as it is may have to uninstall.,neutral,neutral,0.6999526619911194,0.017312242,0.69995266,0.2827351
nice app for viewing documents!!! have been using it since many years!,positive,positive,0.9083830118179321,0.010780239,0.08083675,0.908383
doesn't have a logout option,positive,neutral,0.6417917013168335,0.29605967,0.6417917,0.062148638
enlarge capacity for sending video,neutral,neutral,0.5905794501304626,0.076191664,0.59057945,0.33322886
"it needs to have color, hairstyles and have character friends we pick on the lists to be in emojis too. plus can we have clothes come from video games and movies. plz",positive,positive,0.7778620719909668,0.01952308,0.20261477,0.7778621
excellent considering all i want is pdf reader. but confused why such a basic thing like bookmarks is missing! the page nav good but never accurate,neutral,positive,0.7018477916717529,0.0107241105,0.2874281,0.7018478
very funny! it crashes in my s <number> edge+,negative,neutral,0.5434485673904419,0.33648914,0.54344857,0.12006231
cant book in alantic city nj,negative,negative,0.5568265318870544,0.55682653,0.40710673,0.036066756
learnt about it hope it is going to be <url>,neutral,neutral,0.4652102589607239,0.19048193,0.46521026,0.34430778
i think it is cool because you can use it for anything and could make stories etc.,positive,positive,0.7583779692649841,0.009322814,0.23229924,0.75837797
"so powerful, yet so limited.",neutral,neutral,0.6626534461975098,0.056751203,0.66265345,0.2805954
i really like this app. have a lot of fun with it when i send text messages. haven't had any problems with it.,neutral,positive,0.8734452128410339,0.017856376,0.108698405,0.8734452
new icon is really lame. looks like google <url> hahaha. binit,negative,negative,0.9325858950614929,0.9325859,0.059698652,0.007715483
easy and convenient to use,positive,positive,0.9059262275695801,0.0091186855,0.084955074,0.9059262
holy data <url> people please!,negative,neutral,0.43278592824935913,0.36082807,0.43278593,0.20638601
screw you slack for arbitrarily forcing everyone on mobile to download this utterly superfluous client while your services run well in browser.,negative,negative,0.9715798497200012,0.97157985,0.02197288,0.0064471522
sometime. . force close hard launch,neutral,neutral,0.6920758485794067,0.0630526,0.69207585,0.24487148
"slow, and hang when zoom",negative,neutral,0.718876838684082,0.23100469,0.71887684,0.05011851
"the app is really good. i find it really fun but i suggest that you guys add piercings, birthmarks, beauty marks and things like that, maybe even allow more then two bitmoji characters. other than that, the app is really good",positive,positive,0.8305199146270752,0.007761966,0.16171819,0.8305199
"would pay extra to get the ads to go away. otherwise, very good.",neutral,neutral,0.5985618829727173,0.012860299,0.5985619,0.38857785
beware making fool and cheating beware,negative,negative,0.9672999382019043,0.96729994,0.025431352,0.0072687487
what happened to the paid version?,negative,negative,0.9102733731269836,0.9102734,0.07197357,0.017753007
good <number> st version - htc one m <number>,positive,neutral,0.6261153221130371,0.014627993,0.6261153,0.35925663
great app use it to store music in,positive,positive,0.9009792804718018,0.029203197,0.069817506,0.9009793
"could use a bit of <url> other than that, great concept and idea!",neutral,positive,0.749101459980011,0.009483274,0.24141532,0.74910146
more customizable than the other guy but not as complete as i'd like,positive,neutral,0.7481729984283447,0.027420571,0.748173,0.22440639
"i always like this app since i used my old curve. but the ads kill me, hahahaha.",positive,neutral,0.47634658217430115,0.43344742,0.47634658,0.09020597
"what a crappy app. rim can do much betta than this. wanted to give it a zero star but that option ain't available, i wonder why.",negative,negative,0.9530933499336243,0.95309335,0.039511777,0.0073948735
it's a good app . it saved my mobile from getting virus into my mobile,positive,positive,0.7243471741676331,0.008155346,0.2674975,0.7243472
it's really nice !!!,neutral,positive,0.7716087102890015,0.009968235,0.21842304,0.7716087
"the prices are super high. like,the great <url> a billionaire could pay, but they would be poor afterwards. don't use!",negative,negative,0.8790836334228516,0.87908363,0.10650397,0.014412413
"great local forecast, maybe because i live near their headquarters. it works great when i travels as well.",positive,positive,0.8972527384757996,0.013482731,0.0892645,0.89725274
not very compatible with pomodoro technique,neutral,neutral,0.73846435546875,0.16212209,0.73846436,0.099413484
very useful and reliable app. documents are available offline which i find very convenient,positive,positive,0.9242901802062988,0.012239257,0.06347053,0.9242902
too many ads! hate it,negative,negative,0.9622038006782532,0.9622038,0.031246716,0.0065494743
good but i don't like this app becouse of that annoying ads please remove this <url>,negative,neutral,0.8052358627319336,0.034932513,0.80523586,0.15983169
improve android app please,neutral,positive,0.5062514543533325,0.02201803,0.4717305,0.50625145
not happy over my profile picture,neutral,negative,0.848734438419342,0.84873444,0.13059208,0.020673525
foxit reader is more convenient,positive,neutral,0.5475214123725891,0.0470262,0.5475214,0.40545246
"cute, simple and motivating!",positive,positive,0.9182886481285095,0.013596188,0.068115145,0.91828865
good but could be better,positive,neutral,0.6777369976043701,0.014194912,0.677737,0.30806807
"one of the essential apps, but imperfectly realized in android",positive,neutral,0.5337514281272888,0.083988555,0.5337514,0.38226002
like it but too much ads,positive,neutral,0.6845873594284058,0.05369534,0.68458736,0.26171732
still very lame. can't open pdfs that are image scans. cmon adobe. really?,negative,negative,0.9252899885177612,0.92529,0.065654494,0.0090554375
"after unable to launch get fixed in the update last night, all my past <number> days history is gone <url> all my lemon <url> this how the developer improve performance? very <url>",negative,negative,0.7964521050453186,0.7964521,0.16708611,0.036461674
you better call it off. useless.,negative,negative,0.9713287949562073,0.9713288,0.02119823,0.007472984
as good as the web version,positive,positive,0.5741468071937561,0.010079165,0.41577402,0.5741468
just updated bbm and all of my chat history disappeared! need a way to restore it. pls fix it.,neutral,negative,0.8375791311264038,0.83757913,0.14533807,0.017082782
<salutation> can't even open password protected files. waste of time and memory,negative,negative,0.9713942408561707,0.97139424,0.022432385,0.006173332
i dont understand this ap,neutral,negative,0.9035337567329407,0.90353376,0.0834351,0.013031157
its a very good app,positive,positive,0.788345217704773,0.009522017,0.20213273,0.7883452
good website for hotels. plenty of options and many with free cancellation.,positive,positive,0.7900534868240356,0.00706709,0.2028794,0.7900535
bad very very bad. in all website you have ads <url> is <url> <url> bad things <url> <url>,negative,negative,0.969254195690155,0.9692542,0.024639199,0.0061065676
claims app <number> sd but <url> no option to move from phone to sd card. it's a <number> +mb app. htc di <number> . <number>,neutral,neutral,0.6505548357963562,0.30353427,0.65055484,0.04591088
"unnecessary app, please kill it.",negative,negative,0.9575848579406738,0.95758486,0.035713073,0.006702066
my favorite way to communicate,positive,positive,0.8756033778190613,0.03165445,0.09274211,0.8756034
quickly opens up the pdf <url> and very user friendly,positive,positive,0.9090268611907959,0.013582529,0.07739064,0.90902686
force closed after update,neutral,negative,0.859053373336792,0.8590534,0.1073534,0.03359321
this app is nice for safe <url>,neutral,positive,0.7478259205818176,0.010229325,0.24194475,0.7478259
brings so much important info to my phone in an easy to use format.,positive,positive,0.8661231398582458,0.02189017,0.111986674,0.86612314
very nice and helpful app,positive,positive,0.9193829298019409,0.014673451,0.06594357,0.9193829
don't send fake news,neutral,negative,0.829658567905426,0.82965857,0.14927307,0.02106841
it asks for login every time i start it and that is very annoying. on my ipad it does not behave that way.,neutral,negative,0.7777320742607117,0.7777321,0.20633712,0.015930783
update <url> bisa copy comment di picture group <url> info bagaimana cara copy coment nya?,negative,neutral,0.4701637625694275,0.38714653,0.47016376,0.14268969
"good so far on phone, afraid to install on laptop, had a older version that wouldn't go away and had constant ads and pop-ups",positive,neutral,0.7411510348320007,0.048225954,0.74115103,0.21062304
this app is far too big.,negative,negative,0.4863615334033966,0.48636153,0.43553284,0.07810558
this is a good app,positive,positive,0.7121915221214294,0.010572293,0.27723613,0.7121915
"i'm heard about security concerns related to this browser, can u explain it?",neutral,neutral,0.5921385884284973,0.20848837,0.5921386,0.19937296
worst app in world,negative,negative,0.972615659236908,0.97261566,0.020491589,0.006892728
i wish i could make funnies with my friends in them. not just in snapchat. otherwise a very fun app.,positive,positive,0.6490792632102966,0.009433668,0.34148708,0.64907926
its alright but got a long way to go to better repligo. need to be able to skip to chapters and double tap zoom should fit paragraph to screen width,neutral,neutral,0.7553945183753967,0.012313713,0.7553945,0.23229177
just missing an iphone feature.,positive,neutral,0.7497069835662842,0.060863905,0.749707,0.18942909
not as good as on the blackberry phones doesn't show a red star to let you know you have an unread message unless you open the app,neutral,neutral,0.7668993473052979,0.17409296,0.76689935,0.059007682
excellent with some improvements,positive,positive,0.8838558793067932,0.0076557095,0.1084884,0.8838559
add fonts and stuff,positive,positive,0.8127055764198303,0.010987566,0.17630684,0.8127056
please add some more features,positive,positive,0.6307236552238464,0.013492952,0.3557834,0.63072366
wish you could choose a friends to be part of the emoji,neutral,neutral,0.5450446605682373,0.016136892,0.54504466,0.43881842
this app is useless. if i hit the home button the app plays in the background of my phone without the tree dying. that literally defeats the entire purpose of the app,negative,negative,0.9724026918411255,0.9724027,0.020717014,0.006880265
now i accepted it,positive,neutral,0.35914602875709534,0.34061924,0.35914603,0.3002348
support for password protected documents.,neutral,positive,0.8302119970321655,0.011495958,0.15829203,0.830212
discord came out and improved on slack in every way. there is no reason to use this trash anymore.,negative,negative,0.9662874341011047,0.96628743,0.026665132,0.0070474674
not anymore waste of time,negative,negative,0.9255415797233582,0.9255416,0.062055826,0.012402637
not able to sign in,negative,negative,0.8645311594009399,0.86453116,0.11403567,0.021433258
edit: i found the lemons and how to kill trees,positive,neutral,0.47398680448532104,0.15592669,0.4739868,0.37008655
always eror <url> this app,negative,positive,0.44178760051727295,0.1829995,0.3752129,0.4417876
has too much space for ads. premium for login. there are more user friendly ways to monetize your app. the concept is ok but poorly executed,negative,neutral,0.7327461838722229,0.21822053,0.7327462,0.049033288
"since using a new update, my htc one x, always not <url>",negative,negative,0.6667848229408264,0.6667848,0.3077772,0.02543795
wpupd give more stars if we could use this app on fb messenger,neutral,neutral,0.5868547558784485,0.15712501,0.58685476,0.25602028
"not more reliable as the desktop app, but it is enough to get by",neutral,neutral,0.804973840713501,0.01953156,0.80497384,0.17549457
does not open all pdf files that you can open with adobe on the pc. uninstalled.,negative,negative,0.968792200088501,0.9687922,0.024503335,0.0067044287
"really bad. zoom removes text, outer viewmode locks scrolling etc etc",negative,negative,0.9637387990951538,0.9637388,0.02985336,0.006407828
i think the app is ment for book worms and book worms like me love it,neutral,positive,0.788931667804718,0.061364263,0.14970404,0.78893167
chat app or ads app,negative,neutral,0.47930940985679626,0.39814183,0.4793094,0.12254869
"good accuracy, clean look and good features.",positive,positive,0.9018213748931885,0.0087379515,0.089440726,0.9018214
tree doesn't whether if i leave the app n play game this app sucks,negative,negative,0.8957824110984802,0.8957824,0.0935682,0.010649362
even worse than photoshop,negative,negative,0.8027204871177673,0.8027205,0.16980544,0.027474016
begging for bookmark and copy paste option <url>,neutral,negative,0.8364159464836121,0.83641595,0.14255054,0.02103353
forgets where i was when killed by the system,neutral,neutral,0.5468707084655762,0.38737518,0.5468707,0.06575406
very good. am no lonnger using infinix <number> am using mi note and it is very difficut for me to update my mi note phone.,neutral,positive,0.8225667476654053,0.013095468,0.16433777,0.82256675
not easy to use,neutral,neutral,0.6662551164627075,0.25199145,0.6662551,0.08175335
good app but huge filespace,neutral,neutral,0.5462356209754944,0.016186563,0.5462356,0.43757778
no substitute for this great secure app for mobile communication in real time,positive,positive,0.7682041525840759,0.050707713,0.18108809,0.76820415
not for bald people,negative,neutral,0.684171199798584,0.17078191,0.6841712,0.1450469
really useful app. totally enjoyed using it. i had downloaded this without many expectations but the simplicity and perfection that this app delivered totally blew me away. hats off to the developers !! keep up the great work !!,positive,positive,0.8870473504066467,0.016343147,0.096609496,0.88704735
"it's a good app overall, but the hourly forecast is totally unreliable. if the amatuers at weather underground can get it right <number> % of the time, why is weatherbug wrong <number> % of the time? c'mon folks, it's obviously do-able, so please try putting in the effort to get it right in the future (or at least check out the weather underground site and copy their work).",neutral,neutral,0.6489182710647583,0.012656457,0.6489183,0.33842525
so so. like other apps in the play store. nothing special.,neutral,neutral,0.7361315488815308,0.0305446,0.73613155,0.23332383
the standard tool for exchanging documents online,positive,positive,0.8604690432548523,0.02051961,0.11901126,0.86046904
please fix some bug n i will give u <number> star,neutral,neutral,0.6491207480430603,0.08558468,0.64912075,0.26529455
great app over all,positive,positive,0.86327064037323,0.048969973,0.08775944,0.86327064
the app is interactive and has all the required functions.,positive,positive,0.6325250864028931,0.034159806,0.3333151,0.6325251
it's ok but the follow me is crap,neutral,neutral,0.83548903465271,0.02170587,0.83548903,0.14280504
update every <number> minutes,neutral,neutral,0.5792422890663147,0.35652438,0.5792423,0.064233325
"i have installed and uninstalled repeated this several times, all it wants to do is update continuously. i can't use it at all.",negative,negative,0.9567310214042664,0.956731,0.037146643,0.0061223363
used battery most show identity,negative,neutral,0.49117016792297363,0.22764309,0.49117017,0.28118673
should have more filtering options. should stop nagging for a review when you've already posted one.,neutral,neutral,0.7749371528625488,0.0180435,0.77493715,0.2070193
"after reservation want to add rooms but app just crash, keep loading",negative,negative,0.6646760106086731,0.664676,0.30289227,0.03243176
lost in the translation,negative,negative,0.589881181716919,0.5898812,0.33606845,0.07405036
new version is much slower than the last. loading messages and channels feels sluggish and tedious.,negative,neutral,0.8367246389389038,0.11424015,0.83672464,0.049035203
where did the precipitation amounts go?,negative,neutral,0.4891972541809082,0.31680638,0.48919725,0.19399638
"it's nice, but it would be great there'd be some piercings",positive,positive,0.5300852656364441,0.008064272,0.46185043,0.53008527
it's a good app,positive,positive,0.5799770951271057,0.008711396,0.41131148,0.5799771
good but could be better,positive,neutral,0.6777369976043701,0.014194911,0.677737,0.30806807
last update hosed app,negative,negative,0.9216389060020447,0.9216389,0.06407041,0.014290702
"it keeps crashing. i like yet very annoying to keep <url> , weather stopped working.",neutral,negative,0.5289112329483032,0.52891123,0.4179834,0.053105373
the app would be better if you let us use calculator and <url> bcoz sometimes while studying you have to google something <url> just a suggestion.,neutral,neutral,0.6380327939987183,0.019160451,0.6380328,0.3428068
"i love the amount of data and the warnings. however in the last <number> months the application has failed to work often at least once a day. if this issue could be solved, i would give the app <number> stars.",neutral,positive,0.8534306287765503,0.02022619,0.12634318,0.8534306
you just need to add box braids as a hairstyle,positive,positive,0.8538609147071838,0.012076812,0.13406223,0.8538609
its nice to receive anything,positive,positive,0.6342043876647949,0.009393098,0.35640252,0.6342044
this app is awful,negative,negative,0.9633426070213318,0.9633426,0.029895132,0.0067622876
"bummer! now i am a former usser!!!! no-ads weatherbug, where are you? hello?",negative,negative,0.7536562085151672,0.7536562,0.21646751,0.02987633
good for an <url>,neutral,neutral,0.6364348530769348,0.013825135,0.63643485,0.34974
this is very bad,neutral,negative,0.9660584330558777,0.96605843,0.027273782,0.0066678557
doesnt work on the gs <number>,negative,negative,0.94184410572052,0.9418441,0.049924314,0.008231539
too much ads not good for kids,neutral,negative,0.50117027759552,0.5011703,0.45243907,0.046390705
not working properly in android above <number> . <number>,positive,negative,0.8795607089996338,0.8795607,0.1051905,0.015248831
slow sometimes especially during video and audio calls. the app just hangs and stops working.,positive,neutral,0.8281658887863159,0.04406631,0.8281659,0.1277678
if i could alter the apps appearance to allow for inverted colour schemes i would give it <number> stars other than that this is a brilliant app.,positive,positive,0.8700013756752014,0.015437298,0.11456135,0.8700014
one of the <signature>,neutral,positive,0.9085201025009155,0.016781317,0.07469854,0.9085201
"it's not working for me, i'm using samsung tab <number> mini, it's asking for confirmation of date of birth",negative,negative,0.854314923286438,0.8543149,0.13179813,0.0138868885
"i can use other app meanwhile timer is running , so no use waste app",negative,neutral,0.5216648578643799,0.42428005,0.52166486,0.054055113
app is up to date and easy to read.,positive,positive,0.8813585042953491,0.011063455,0.107578024,0.8813585
"do not waste your time. if u think u can save the earth but no, you have to buy premium first to plant trees. absolute a waste timer",negative,negative,0.965394914150238,0.9653949,0.028090125,0.0065148985
sluggish compared to other pdf readers but renders well.,neutral,neutral,0.7301294803619385,0.019116063,0.7301295,0.25075445
"i don't need this, but i'm sure someone will need it.",positive,neutral,0.7410834431648254,0.06953331,0.74108344,0.18938331
"really fast, good and probably the <signature>",positive,positive,0.8702294230461121,0.00994328,0.119827256,0.8702294
"my team, tired of waiting for a department driven initiative for collaboration tools, decided to start using this for ourselves. it's been a great experience so far - quicker responses, easy file sharing, organising social outings and reaching out to the whole team at once etc. the <signature>",positive,positive,0.9139403700828552,0.01892349,0.06713616,0.91394037
bad uploaded pic display,negative,negative,0.8574606776237488,0.8574607,0.12161229,0.020927027
i like this app is very useful,neutral,positive,0.8863469362258911,0.010449865,0.10320321,0.88634694
"i was not able to open the app even after reinstalling it twice so instead i installed ""flip flop"" app which is also a similar app",negative,negative,0.7532875537872314,0.75328755,0.21156186,0.0351506
what's with all the new permissions?,negative,negative,0.7052881717681885,0.7052882,0.2552907,0.03942111
the new automatic markdown feature sucks!!! and you cannot turn it off,negative,negative,0.9533739686012268,0.95337397,0.03967303,0.006952957
now it use very long time for export photo.,negative,positive,0.8143488168716431,0.045951772,0.13969944,0.8143488
can't import pictures,negative,negative,0.5715084075927734,0.5715084,0.4020693,0.026422322
i love it but for some reason it doesn't work well on my samsung. if it worked better with my phone a higher rating,neutral,positive,0.7547709345817566,0.038586047,0.20664304,0.75477093
did more things to say and more holiday,neutral,positive,0.691534161567688,0.05285536,0.25561053,0.69153416
can not open edited images on my galaxy note <number>,negative,negative,0.6804212927818298,0.6804213,0.29803756,0.021541135
the confirmation details is not shown on <number> rd party screen. not useful if i have to inform <number> rd party of the confirmation details.,neutral,neutral,0.7197155356407166,0.23299739,0.71971554,0.04728705
never sends the correct emoji.,negative,negative,0.6619183421134949,0.66191834,0.3087348,0.029346893
please add save image setting,positive,neutral,0.7443800568580627,0.04575617,0.74438006,0.2098638
i cant run the app after new update!!!,neutral,negative,0.9523100852966309,0.9523101,0.041069888,0.006620029
ads thats the only thing spoiling this <url> bcz ads are source of income <url> lose this app the source ur getting ads,negative,negative,0.7062699198722839,0.7062699,0.25805232,0.03567774
i have had this app for a while and it works really well,negative,positive,0.8478979468345642,0.019054757,0.13304725,0.84789795
mostly good except- sucks too much background data and not freindly to my battery . should shut itself down.,neutral,neutral,0.8114502429962158,0.017492946,0.81145024,0.17105673
"fairly accurate, wish the radar would update a little quicker",positive,positive,0.8690277338027954,0.007633184,0.12333911,0.86902773
what's up with it?,negative,negative,0.845950722694397,0.8459507,0.13424939,0.019799987
up browser is <signature>,positive,positive,0.5322766900062561,0.115172505,0.35255086,0.5322767
nice app but i can't highlight my text i pressed that longer but it couldn't work please check this out,positive,neutral,0.6638357043266296,0.033228174,0.6638357,0.30293614
love it but the radar needs future time,positive,neutral,0.537041962146759,0.05409633,0.53704196,0.4088617
itss ok but not good at <url>,neutral,neutral,0.8648918867111206,0.021014847,0.8648919,0.114093184
animation does not work. really disappointed. use everyday for work. moving on to the weather channel app. never fails.,negative,negative,0.9561172127723694,0.9561172,0.037110835,0.006772015
"maybe if the app followed material design guidelines, i would have rated it <number> stars. the controls are based on ios, so it's not easy to find your way, but overall it's a good photo app.",positive,neutral,0.5085757970809937,0.015771614,0.5085758,0.4756526
new layout v <number>,positive,neutral,0.497950941324234,0.17721827,0.49795094,0.32483077
it does not install,positive,negative,0.9556142091751099,0.9556142,0.036155865,0.008229868
"its amazing app, but unfortunately after the new updation the app forced to close when importing a new photo. so please fix that bug immediately",positive,neutral,0.5093687772750854,0.020136097,0.5093688,0.47049513
try hotel tonight - $ <number> free,neutral,neutral,0.5394982695579529,0.32493803,0.53949827,0.13556376
"it's like <number> stars for the app, <number> star for new booking assistant. god damn it, how the hell can i just answer the message i got from a property???!!! why do i need to see <number> questions of an assistant instead, that i can not delete and that just mess up all the dialog! hate it. really hate this feature! do like everything else though.",positive,neutral,0.5639846920967102,0.3340415,0.5639847,0.1019738
been a good weather app for me! thumbs up!,positive,positive,0.5073416829109192,0.042311665,0.45034665,0.5073417
i guess it's <url>,positive,neutral,0.5593003630638123,0.09098328,0.55930036,0.34971637
loved it before update,neutral,negative,0.7034327983856201,0.7034328,0.25055012,0.046016987
it is good news app but some improvement required in spelling and language.,positive,positive,0.7784373760223389,0.0073717693,0.21419083,0.7784374
"as a frequent user , you should have few options as reward the client should choose between",positive,positive,0.6787972450256348,0.045585547,0.27561724,0.67879725
no bookmark or jump to <url> really annoying,negative,negative,0.5274083614349365,0.52740836,0.43726575,0.035325848
app is <url> service sucks,neutral,negative,0.8757138848304749,0.8757139,0.10600328,0.018282853
i can't use web mobile in <url>,negative,negative,0.8611364364624023,0.86113644,0.12566715,0.013196437
the new button is super poopy.,negative,positive,0.6670617461204529,0.0615321,0.27140617,0.66706175
"i love it, but desperately needs to save last <url> and place within that <url> a bookmarking function!",neutral,positive,0.6150681376457214,0.08344815,0.30148372,0.61506814
"simple to use,in a straight forward easy to understand format. <signature>",positive,positive,0.9185783267021179,0.010412217,0.071009435,0.9185783
i saw no last minute rates as promised on the description.,negative,neutral,0.5244565606117249,0.39361596,0.52445656,0.08192748
if you browse like i do this is a must have. i rated it <number> stars before but now it is becoming a mess. you are killing its reputation with ads. i must wait for few seconds advert to finish before browsing.,neutral,negative,0.9295947551727295,0.92959476,0.059114464,0.011290805
the drawer is old,negative,neutral,0.6347287893295288,0.23260611,0.6347288,0.13266513
what a great messanger. you make us who separated a kilometers away can gather in one place. keep <url>,positive,negative,0.7498480081558228,0.749848,0.21735577,0.03279624
add text option please,neutral,positive,0.6609827876091003,0.012370503,0.32664675,0.6609828
new logo looks like swastika maybe next time dev team will worked on app ram usage?,negative,neutral,0.6483457088470459,0.13488646,0.6483457,0.21676785
don't use. can't uninstall on tablet,neutral,negative,0.9496670961380005,0.9496671,0.044341378,0.005991503
fast but doesn't allow you to jump to pages no good for big ebooks,neutral,neutral,0.7795507311820984,0.14027156,0.77955073,0.080177724
how can i make a video call??,positive,neutral,0.5138617157936096,0.25322592,0.5138617,0.23291236
easy to use and useful,positive,positive,0.908209502696991,0.008989392,0.082801126,0.9082095
"i saw this app on engadget and was excited to try it. however, the hdr mode does not work on my phone. i have a samsung galaxy s <number> edge. it is listed as one of the phones that works but the option for hdr is not available on the drop-down menu.",neutral,neutral,0.5719650983810425,0.38322747,0.5719651,0.044807464
i was able to update and view my bookings very easily. very convenient.,positive,positive,0.9205314517021179,0.009996982,0.06947161,0.92053145
"it lost all my progress! i had the cat tree, octopus, etc",negative,negative,0.8964460492134094,0.89644605,0.08792351,0.015630495
best crashes ever!!!! worthless,negative,negative,0.9707040786743164,0.9707041,0.02236122,0.006934712
radar map never loads first try.,neutral,negative,0.8863533735275269,0.8863534,0.09671935,0.016927324
"simple to the massage, i like bbm,cause i can see when the massage have delivered n read .",positive,positive,0.9017142653465271,0.0103597,0.087926075,0.90171427
its <url> make something <url>,neutral,neutral,0.569065511226654,0.13324247,0.5690655,0.29769203
this is my favorite weather app to use. i've used it since i was a teenager. the only problem i have is that the hourly forecast is almost never right which is very inconvenient for me considering i work outside. on the bright side you can look at the radar and pretty much tell what what is gonna hit you.,neutral,positive,0.8903457522392273,0.016493883,0.093160324,0.89034575
cant connect to facebook,neutral,negative,0.8692368865013123,0.8692369,0.11940919,0.0113538215
"i like it and think it's super cute and fun, but i wish it had more such as maybe tattoos or piercings and i wish you could create outfits instead of picking an outfit",positive,positive,0.881753146648407,0.011041398,0.1072055,0.88175315
good for quick edits on the move,positive,positive,0.6572420001029968,0.009660702,0.33309737,0.657242
why the almost daily updates?,neutral,neutral,0.6599472761154175,0.104723826,0.6599473,0.2353289
terrible. i don't need creative cloud!,negative,negative,0.9695018529891968,0.96950185,0.024209667,0.0062885275
sign up form doesn't work and this app doesnt work without an adobe account so it was just a waste of time.,negative,negative,0.9727523922920227,0.9727524,0.021128109,0.006119555
love it but a problem?,positive,positive,0.5635855793952942,0.0626122,0.3738022,0.5635856
does what supposed to an as far as forcast go seems good,positive,neutral,0.6554704904556274,0.013415498,0.6554705,0.33111405
i can't import alot of my photos!,neutral,negative,0.6485233902931213,0.6485234,0.3247312,0.026745377
horrible pdf reader. there are much better alternatives.,negative,negative,0.9667254090309143,0.9667254,0.025758442,0.0075161024
"it's great that it can read my truck's <number> , <number> page service manual right here on my phone; but i can't find anything if there is no search feature!!",neutral,positive,0.8069843649864197,0.013652211,0.17936344,0.80698436
it does logout of account after closing,positive,negative,0.6233004927635193,0.6233005,0.3294163,0.0472832
"love it. would be great if you could include options to dodge and burn images, too.",positive,positive,0.8740996718406677,0.01506134,0.110838994,0.8740997
i don't like that i can't attach to a text in gboard. i have to go through bitmoji to send in a text. it is easier to send in iphone and i can't do friendmojis,positive,neutral,0.7641463875770569,0.1466977,0.7641464,0.089155875
"does not work on the captivate at <url> very disapointed, it just says it has failed to read found files.",negative,negative,0.949600100517273,0.9496001,0.04324016,0.0071597383
it's an useful app,positive,positive,0.8265798091888428,0.007041755,0.16637842,0.8265798
is the white house in charge of it?,negative,negative,0.5100072622299194,0.51000726,0.36571524,0.12427748
weather automation doesn't work anymore so it's stupid,negative,negative,0.8935551047325134,0.8935551,0.096621566,0.009823324
some times its just boarding,neutral,neutral,0.6874778866767883,0.03925242,0.6874779,0.2732697
i deplore pdfs of all kinds. <url> the only thing that can read a pdf. but this app does <url> it still sux,negative,neutral,0.56007319688797,0.36025834,0.5600732,0.07966843
installs another app without warning,negative,negative,0.8828402757644653,0.8828403,0.10371024,0.013449464
it's your app so you get to choose your logo. but this new one confusing my son that slack is a game and he is complaining i keep playing this game all the time but have no shame in denying his rights to play games eternally. ps: unable to view old items unless we pay is gross.,neutral,negative,0.7641427516937256,0.76414275,0.21309985,0.022757335
"other parties doin better ""reader n even writer"" than adobe!",negative,neutral,0.5288905501365662,0.07679995,0.52889055,0.3943095
takes too much time to load sometimes,positive,neutral,0.8502776622772217,0.074128985,0.85027766,0.07559342
it is an interesting app that uses a lot of memory. but great communication tool,neutral,positive,0.8931035995483398,0.011215272,0.095681116,0.8931036
it's amazing and faster then other <url>,neutral,positive,0.876971960067749,0.012677096,0.11035096,0.87697196
best weather app out there until it stopped working. won't load anything now. please <url>,negative,neutral,0.618744432926178,0.053226247,0.61874443,0.3280293
will be much better if it has read out <url>,positive,neutral,0.6818735599517822,0.029031297,0.68187356,0.28909513
good overall but seems to have an issue of being unavailable or offline when other weather apps are working just fine providing the same info. <url> radar,positive,neutral,0.49986937642097473,0.012204882,0.49986938,0.48792577
does the camera support long exposure?,positive,neutral,0.6874558925628662,0.055944934,0.6874559,0.2565992
i enjoy using it. i just have to play with it more to get more experience,positive,positive,0.8967412114143372,0.015346876,0.08791186,0.8967412
it helps me a lot,positive,positive,0.8729336857795715,0.010936038,0.11613031,0.8729337
not bad at all. great improvement.,positive,positive,0.791516125202179,0.009730225,0.19875368,0.7915161
plenty of unnessary ads,negative,neutral,0.678194522857666,0.17645219,0.6781945,0.14535332
the news feed so annoying please avoid this type of <url> or add a button for stop news <url>,negative,neutral,0.7748028635978699,0.09668005,0.77480286,0.1285171
can be a bit complicated and in your face but it does a good job and is well supported by venues.,positive,positive,0.8106668591499329,0.01066724,0.17866586,0.81066686
i liked it. no reply on mobile though.,positive,neutral,0.5661866068840027,0.025949791,0.5661866,0.40786362
"works perfectly with snapchat, i hope soon it has more goth/alternative outfits and options for piercings and ear spacers. love the new hair options!",positive,positive,0.9247094392776489,0.014382774,0.06090783,0.92470944
"it used to be a <number> star app but not every time i try to open it it crashes, please fix this asap",negative,negative,0.716347336769104,0.71634734,0.25190902,0.031743627
where's the support?,negative,neutral,0.4999021589756012,0.24022716,0.49990216,0.2598707
i think nice but mobile hang krta h,neutral,positive,0.6950774192810059,0.01354018,0.29138237,0.6950774
please add fonts in this app to write . <signature>,neutral,positive,0.5992458462715149,0.030948691,0.36980549,0.59924585
"worked once, then has never worked again.",negative,negative,0.8523789048194885,0.8523789,0.12833688,0.019284246
fix the radar! what is taking so long? i'm very close to deleting this app for good. i doubt i'm alone!,negative,negative,0.6578999161720276,0.6578999,0.31095383,0.031146238
it is good aap for searching and downloading <url>,positive,positive,0.7073885202407837,0.00846043,0.28415105,0.7073885
while controlling shutter speed whole app is getting freezed.,neutral,negative,0.4814145565032959,0.48141456,0.4676099,0.050975554
"no full language support. what a shame, adobe.",negative,negative,0.958022952079773,0.95802295,0.035595164,0.0063818535
it's nice <url>,neutral,neutral,0.5506472587585449,0.010668553,0.55064726,0.4386842
"this app is not at all what i had expected. it is very hard to use. at the beggining, you get small info about one fature of the app. once you start to use it, the purpose just gets confusing, how does the tree grow? is the time a stopclock, a timer, im so confused! please improve this app to be more user friendly!",negative,neutral,0.5273529887199402,0.4313276,0.527353,0.04131935
lost status bar info,neutral,negative,0.7419608235359192,0.7419608,0.21749543,0.04054383
it was fine before i was forced to update.,neutral,neutral,0.6404369473457336,0.25906518,0.64043695,0.10049783
